USE naija_eats;

START TRANSACTION;

CREATE TABLE IF NOT EXISTS `customers` (
	customer_id	INTEGER,
	first_name	TEXT NOT NULL,
	last_name	TEXT NOT NULL,
	email	TEXT,
	`phone`	TEXT,
	`city`	TEXT NOT NULL,
	`state`	TEXT NOT NULL,
	`join_date`	TEXT NOT NULL,
	PRIMARY KEY(customer_id)
);
CREATE TABLE IF NOT EXISTS `restaurants` (
	`restaurant_id`	INTEGER,
	`name`	TEXT NOT NULL,
	`city`	TEXT NOT NULL,
	`state`	TEXT NOT NULL,
	`cuisine_type`	TEXT NOT NULL,
	`rating`	REAL,
	`owner_name`	TEXT,
	PRIMARY KEY(`restaurant_id`)
);
CREATE TABLE IF NOT EXISTS `riders` (
	`rider_id`	INTEGER,
	`first_name`	TEXT NOT NULL,
	`last_name`	TEXT NOT NULL,
	`city`	TEXT NOT NULL,
	`vehicle_type`	TEXT NOT NULL,
	`rating`	REAL,
	`join_date`	TEXT NOT NULL,
	PRIMARY KEY(`rider_id`)
);
CREATE TABLE IF NOT EXISTS `menu_items` (
	`item_id`	INTEGER,
	`restaurant_id`	INTEGER NOT NULL,
	`item_name`	TEXT NOT NULL,
	`category`	TEXT NOT NULL,
	`price`	REAL NOT NULL,
	PRIMARY KEY(`item_id`),
	FOREIGN KEY(`restaurant_id`) REFERENCES `restaurants`(`restaurant_id`)
);
CREATE TABLE IF NOT EXISTS `orders` (
	`order_id`	INTEGER,
	`customer_id`	INTEGER NOT NULL,
	`restaurant_id`	INTEGER NOT NULL,
	`rider_id`	INTEGER,
	`order_date`	TEXT NOT NULL,
	`delivery_fee`	REAL NOT NULL,
	`status`	TEXT NOT NULL,
	PRIMARY KEY(`order_id`),
	FOREIGN KEY(`customer_id`) REFERENCES `customers`(`customer_id`),
	FOREIGN KEY(`restaurant_id`) REFERENCES `restaurants`(`restaurant_id`),
	FOREIGN KEY(`rider_id`) REFERENCES `riders`(`rider_id`)
);
CREATE TABLE IF NOT EXISTS `order_items` (
	`order_item_id`	INTEGER,
	`order_id`	INTEGER NOT NULL,
	`item_id`	INTEGER NOT NULL,
	`quantity`	INTEGER NOT NULL,
	`unit_price`	REAL NOT NULL,
	PRIMARY KEY(`order_item_id`),
	FOREIGN KEY(`item_id`) REFERENCES `menu_items`(`item_id`),
	FOREIGN KEY(`order_id`) REFERENCES `orders`(`order_id`)
);
INSERT INTO restaurants (restaurant_id,name,city,state,cuisine_type,rating,owner_name) VALUES (1,'Mama Nkechi Kitchen','Lagos','Lagos','Nigerian',4.7,'Nkechi Okafor');
INSERT INTO restaurants (restaurant_id,name,city,state,cuisine_type,rating,owner_name) VALUES (2,'Iya Basira Food Spot','Lagos','Lagos','Nigerian',4.3,'Basira Afolabi');
INSERT INTO restaurants (restaurant_id,name,city,state,cuisine_type,rating,owner_name) VALUES (3,'Kilimanjaro Express','Lagos','Lagos','Fast Food',4.1,'Tunde Bakare');
INSERT INTO restaurants (restaurant_id,name,city,state,cuisine_type,rating,owner_name) VALUES (4,'Abuja Grill House','Abuja','FCT','Grills & BBQ',4.5,'Musa Danjuma');
INSERT INTO restaurants (restaurant_id,name,city,state,cuisine_type,rating,owner_name) VALUES (5,'Chophouse PH','Port Harcourt','Rivers','Nigerian',4.4,'Obinna Eze');
INSERT INTO restaurants (restaurant_id,name,city,state,cuisine_type,rating,owner_name) VALUES (6,'Wok & Go Lagos','Lekki','Lagos','Chinese',4.0,'Chioma Nwosu');
INSERT INTO restaurants (restaurant_id,name,city,state,cuisine_type,rating,owner_name) VALUES (7,'Calabar Kitchen','Lagos','Lagos','Nigerian',4.8,'Ekaette Bassey');
INSERT INTO restaurants (restaurant_id,name,city,state,cuisine_type,rating,owner_name) VALUES (8,'Shawarma Republic','Abuja','FCT','Fast Food',3.9,'Yusuf Ibrahim');
INSERT INTO restaurants (restaurant_id,name,city,state,cuisine_type,rating,owner_name) VALUES (9,'The Jollof Place','Ibadan','Oyo','Nigerian',4.6,'Folake Adeyemi');
INSERT INTO restaurants (restaurant_id,name,city,state,cuisine_type,rating,owner_name) VALUES (10,'Accra Bites','Accra','Greater Accra','Ghanaian',4.5,'Kofi Mensah');
INSERT INTO restaurants (restaurant_id,name,city,state,cuisine_type,rating,owner_name) VALUES (11,'Suya Nation','Kano','Kano','Grills & BBQ',4.2,'Abdullahi Usman');
INSERT INTO restaurants (restaurant_id,name,city,state,cuisine_type,rating,owner_name) VALUES (12,'Pizza Palace Lagos','Victoria Island','Lagos','Italian',3.8,'Adewale Balogun');
INSERT INTO restaurants (restaurant_id,name,city,state,cuisine_type,rating,owner_name) VALUES (13,'Buka Central','Enugu','Enugu','Nigerian',4.4,'Nneka Chukwu');
INSERT INTO restaurants (restaurant_id,name,city,state,cuisine_type,rating,owner_name) VALUES (14,'Golden Plate','Benin City','Edo','Nigerian',4.1,'Grace Igbinovia');
INSERT INTO restaurants (restaurant_id,name,city,state,cuisine_type,rating,owner_name) VALUES (15,'Amala Skye','Lagos','Lagos','Nigerian',4.7,'Dayo Ogunleye');
INSERT INTO restaurants (restaurant_id,name,city,state,cuisine_type,rating,owner_name) VALUES (16,'Banku & Tilapia Hub','Kumasi','Ashanti','Ghanaian',4.3,'Kwame Asante');
INSERT INTO restaurants (restaurant_id,name,city,state,cuisine_type,rating,owner_name) VALUES (17,'Fried Rice Factory','Abuja','FCT','Nigerian',3.7,'Blessing Okoro');
INSERT INTO restaurants (restaurant_id,name,city,state,cuisine_type,rating,owner_name) VALUES (18,'Smoothie Bliss','Lekki','Lagos','Drinks & Smoothies',4.0,'Toyosi Balogun');
INSERT INTO restaurants (restaurant_id,name,city,state,cuisine_type,rating,owner_name) VALUES (19,'Nkwobi House','Aba','Abia','Nigerian',4.6,'Uzoma Nwachukwu');
INSERT INTO restaurants (restaurant_id,name,city,state,cuisine_type,rating,owner_name) VALUES (20,'The Empty Plate','Warri','Delta','Nigerian',4.2,'Efua Tetteh');
INSERT INTO riders (rider_id,first_name,last_name,city,vehicle_type,rating,join_date) VALUES (1,'Dayo','Idris','Lagos','Bicycle',4.3,'2023-02-27');
INSERT INTO riders (rider_id,first_name,last_name,city,vehicle_type,rating,join_date) VALUES (2,'Obinna','Tetteh','Lagos','Motorcycle',4.3,'2024-03-03');
INSERT INTO riders (rider_id,first_name,last_name,city,vehicle_type,rating,join_date) VALUES (3,'Ibrahim','Owusu','Lagos','Car',3.7,'2023-03-07');
INSERT INTO riders (rider_id,first_name,last_name,city,vehicle_type,rating,join_date) VALUES (4,'Emeka','Obi','Abuja','Motorcycle',4.8,'2024-02-12');
INSERT INTO riders (rider_id,first_name,last_name,city,vehicle_type,rating,join_date) VALUES (5,'Olumide','Adeyemi','Abuja','Motorcycle',3.8,'2023-05-08');
INSERT INTO riders (rider_id,first_name,last_name,city,vehicle_type,rating,join_date) VALUES (6,'Okechukwu','Ibrahim','Port Harcourt','Motorcycle',4.7,'2024-03-28');
INSERT INTO riders (rider_id,first_name,last_name,city,vehicle_type,rating,join_date) VALUES (7,'Olumide','Nwachukwu','Port Harcourt','Car',4.6,'2024-04-18');
INSERT INTO riders (rider_id,first_name,last_name,city,vehicle_type,rating,join_date) VALUES (8,'Kwame','Nwosu','Ibadan','Motorcycle',5.0,'2024-02-20');
INSERT INTO riders (rider_id,first_name,last_name,city,vehicle_type,rating,join_date) VALUES (9,'Adewale','Tetteh','Kano','Bicycle',3.5,'2024-01-13');
INSERT INTO riders (rider_id,first_name,last_name,city,vehicle_type,rating,join_date) VALUES (10,'Kwame','Chukwu','Enugu','Bicycle',4.7,'2024-03-18');
INSERT INTO riders (rider_id,first_name,last_name,city,vehicle_type,rating,join_date) VALUES (11,'Chukwuma','Igwe','Lekki','Motorcycle',3.9,'2024-02-08');
INSERT INTO riders (rider_id,first_name,last_name,city,vehicle_type,rating,join_date) VALUES (12,'Ikenna','Ibrahim','Victoria Island','Bicycle',4.8,'2024-03-15');
INSERT INTO riders (rider_id,first_name,last_name,city,vehicle_type,rating,join_date) VALUES (13,'Nnamdi','Nwosu','Accra','Motorcycle',4.7,'2023-08-24');
INSERT INTO riders (rider_id,first_name,last_name,city,vehicle_type,rating,join_date) VALUES (14,'Ibrahim','Obi','Kumasi','Motorcycle',3.8,'2023-12-04');
INSERT INTO riders (rider_id,first_name,last_name,city,vehicle_type,rating,join_date) VALUES (15,'Babajide','Okoro','Benin City','Motorcycle',3.9,'2023-02-05');
INSERT INTO customers (customer_id,first_name,last_name,email,phone,city,state,join_date) VALUES (1,'Chinedu','Usman','chinedu.usman32@yahoo.com','08023756669','Port Harcourt','Rivers','2024-11-23');
INSERT INTO customers (customer_id,first_name,last_name,email,phone,city,state,join_date) VALUES (2,'Kunle','Nwachukwu','kunle.nwachukwu4@yahoo.com','08041227216','Lagos','Lagos','2024-06-01');
INSERT INTO customers (customer_id,first_name,last_name,email,phone,city,state,join_date) VALUES (3,'Dayo','Eze','dayo.eze54@yahoo.com','08089089901','Aba','Abia','2023-10-12');
INSERT INTO customers (customer_id,first_name,last_name,email,phone,city,state,join_date) VALUES (4,'Abubakar','Igwe','abubakar.igwe90@gmail.com','08047295260','Victoria Island','Lagos','2023-06-09');
INSERT INTO customers (customer_id,first_name,last_name,email,phone,city,state,join_date) VALUES (5,'Abubakar','Chukwu','abubakar.chukwu12@gmail.com','08058181396','Ikeja','Lagos','2023-12-19');
INSERT INTO customers (customer_id,first_name,last_name,email,phone,city,state,join_date) VALUES (6,'Akua','Adeyemi','akua.adeyemi69@yahoo.com','08060806024','Kaduna','Kaduna','2023-03-22');
INSERT INTO customers (customer_id,first_name,last_name,email,phone,city,state,join_date) VALUES (7,'Nana','Danjuma','nana.danjuma47@gmail.com','08019335534','Uyo','Akwa Ibom','2023-02-16');
INSERT INTO customers (customer_id,first_name,last_name,email,phone,city,state,join_date) VALUES (8,'Abubakar','Obi','abubakar.obi30@gmail.com','08061019678','Lagos','Lagos','2023-10-12');
INSERT INTO customers (customer_id,first_name,last_name,email,phone,city,state,join_date) VALUES (9,'Grace','Agu','grace.agu21@gmail.com','08038119557','Kano','Kano','2024-11-17');
INSERT INTO customers (customer_id,first_name,last_name,email,phone,city,state,join_date) VALUES (10,'Ama','Acheampong','ama.acheampong78@gmail.com','08081691040','Lagos','Lagos','2023-09-08');
INSERT INTO customers (customer_id,first_name,last_name,email,phone,city,state,join_date) VALUES (11,'Uzoma','Okoro','uzoma.okoro82@gmail.com','08039476249','Port Harcourt','Rivers','2023-11-29');
INSERT INTO customers (customer_id,first_name,last_name,email,phone,city,state,join_date) VALUES (12,'Oluwaseun','Agu','oluwaseun.agu41@gmail.com','08018883684','Lagos','Lagos','2023-08-05');
INSERT INTO customers (customer_id,first_name,last_name,email,phone,city,state,join_date) VALUES (13,'Bukola','Danjuma','bukola.danjuma51@gmail.com','08096282117','Accra','Greater Accra','2024-04-14');
INSERT INTO customers (customer_id,first_name,last_name,email,phone,city,state,join_date) VALUES (14,'Yusuf','Mohammed','yusuf.mohammed96@gmail.com','08045264581','Abuja','FCT','2024-08-21');
INSERT INTO customers (customer_id,first_name,last_name,email,phone,city,state,join_date) VALUES (15,'Aminata','Owusu','aminata.owusu47@yahoo.com','08028566572','Enugu','Enugu','2024-06-05');
INSERT INTO customers (customer_id,first_name,last_name,email,phone,city,state,join_date) VALUES (16,'Adaeze','Onyeka','adaeze.onyeka15@yahoo.com','08031472420','Lagos','Lagos','2024-11-27');
INSERT INTO customers (customer_id,first_name,last_name,email,phone,city,state,join_date) VALUES (17,'Blessing','Okonkwo','blessing.okonkwo49@gmail.com','08072820592','Enugu','Enugu','2024-06-25');
INSERT INTO customers (customer_id,first_name,last_name,email,phone,city,state,join_date) VALUES (18,'Chinelo','Opoku','chinelo.opoku88@gmail.com','08082070937','Lagos','Lagos','2023-10-01');
INSERT INTO customers (customer_id,first_name,last_name,email,phone,city,state,join_date) VALUES (19,'Funmilayo','Obi','funmilayo.obi21@gmail.com','08045351479','Benin City','Edo','2024-05-27');
INSERT INTO customers (customer_id,first_name,last_name,email,phone,city,state,join_date) VALUES (20,'Femi','Acheampong','femi.acheampong81@yahoo.com','08095758349','Ikeja','Lagos','2024-06-03');
INSERT INTO customers (customer_id,first_name,last_name,email,phone,city,state,join_date) VALUES (21,'Tunde','Adebayo','tunde.adebayo70@gmail.com','08081182864','Victoria Island','Lagos','2023-01-01');
INSERT INTO customers (customer_id,first_name,last_name,email,phone,city,state,join_date) VALUES (22,'Zainab','Okafor','zainab.okafor47@gmail.com','08051273847','Ikeja','Lagos','2023-09-03');
INSERT INTO customers (customer_id,first_name,last_name,email,phone,city,state,join_date) VALUES (23,'Oluwaseun','Tetteh','oluwaseun.tetteh11@yahoo.com','08075228535','Warri','Delta','2023-03-12');
INSERT INTO customers (customer_id,first_name,last_name,email,phone,city,state,join_date) VALUES (24,'Tunde','Yakubu','tunde.yakubu71@yahoo.com','08080823176','Accra','Greater Accra','2024-09-13');
INSERT INTO customers (customer_id,first_name,last_name,email,phone,city,state,join_date) VALUES (25,'Bukola','Acheampong','bukola.acheampong97@gmail.com','08036998038','Aba','Abia','2023-11-16');
INSERT INTO customers (customer_id,first_name,last_name,email,phone,city,state,join_date) VALUES (26,'Mercy','Danjuma','mercy.danjuma57@gmail.com','08070597444','Kano','Kano','2023-05-04');
INSERT INTO customers (customer_id,first_name,last_name,email,phone,city,state,join_date) VALUES (27,'Oluwaseun','Okonkwo','oluwaseun.okonkwo3@gmail.com','08040885476','Ibadan','Oyo','2024-08-25');
INSERT INTO customers (customer_id,first_name,last_name,email,phone,city,state,join_date) VALUES (28,'Chinedu','Okonkwo','chinedu.okonkwo30@yahoo.com','08014216175','Lagos','Lagos','2023-12-05');
INSERT INTO customers (customer_id,first_name,last_name,email,phone,city,state,join_date) VALUES (29,'Femi','Nwosu','femi.nwosu86@gmail.com','08082374753','Port Harcourt','Rivers','2023-05-16');
INSERT INTO customers (customer_id,first_name,last_name,email,phone,city,state,join_date) VALUES (30,'Oluwakemi','Igwe','oluwakemi.igwe53@yahoo.com','08023009833','Accra','Greater Accra','2024-11-05');
INSERT INTO customers (customer_id,first_name,last_name,email,phone,city,state,join_date) VALUES (31,'Chiamaka','Nwachukwu','chiamaka.nwachukwu60@gmail.com','08017270733','Benin City','Edo','2024-11-20');
INSERT INTO customers (customer_id,first_name,last_name,email,phone,city,state,join_date) VALUES (32,'Emeka','Okoro','emeka.okoro14@yahoo.com','08035529407','Ibadan','Oyo','2024-07-03');
INSERT INTO customers (customer_id,first_name,last_name,email,phone,city,state,join_date) VALUES (33,'Aisha','Nwachukwu','aisha.nwachukwu36@gmail.com','08020117988','Victoria Island','Lagos','2024-03-29');
INSERT INTO customers (customer_id,first_name,last_name,email,phone,city,state,join_date) VALUES (34,'Emeka','Danjuma','emeka.danjuma2@gmail.com','08041726318','Aba','Abia','2023-06-20');
INSERT INTO customers (customer_id,first_name,last_name,email,phone,city,state,join_date) VALUES (35,'Zainab','Olawale','zainab.olawale52@gmail.com','08032097220','Abuja','FCT','2024-01-24');
INSERT INTO customers (customer_id,first_name,last_name,email,phone,city,state,join_date) VALUES (36,'Kelechi','Adeleke','kelechi.adeleke37@gmail.com','08084593961','Kaduna','Kaduna','2024-11-08');
INSERT INTO customers (customer_id,first_name,last_name,email,phone,city,state,join_date) VALUES (37,'Aisha','Eze','aisha.eze28@gmail.com','08087736262','Port Harcourt','Rivers','2024-07-09');
INSERT INTO customers (customer_id,first_name,last_name,email,phone,city,state,join_date) VALUES (38,'Chukwuma','Chukwu','chukwuma.chukwu7@gmail.com','08077491435','Lagos','Lagos','2024-06-27');
INSERT INTO customers (customer_id,first_name,last_name,email,phone,city,state,join_date) VALUES (39,'Emeka','Mensah','emeka.mensah24@yahoo.com','08019121552','Lagos','Lagos','2024-11-22');
INSERT INTO customers (customer_id,first_name,last_name,email,phone,city,state,join_date) VALUES (40,'Kelechi','Ibrahim','kelechi.ibrahim32@gmail.com','08015334035','Warri','Delta','2024-09-26');
INSERT INTO customers (customer_id,first_name,last_name,email,phone,city,state,join_date) VALUES (41,'Chidera','Yakubu','chidera.yakubu73@gmail.com','08044999379','Warri','Delta','2023-07-29');
INSERT INTO customers (customer_id,first_name,last_name,email,phone,city,state,join_date) VALUES (42,'Oluwakemi','Adeleke','oluwakemi.adeleke17@gmail.com','08050264926','Enugu','Enugu','2024-04-13');
INSERT INTO customers (customer_id,first_name,last_name,email,phone,city,state,join_date) VALUES (43,'Mariama','Onyeka','mariama.onyeka2@gmail.com','08085563727','Lagos','Lagos','2023-04-13');
INSERT INTO customers (customer_id,first_name,last_name,email,phone,city,state,join_date) VALUES (44,'Dayo','Eze','dayo.eze34@yahoo.com','08056843172','Kumasi','Ashanti','2023-03-12');
INSERT INTO customers (customer_id,first_name,last_name,email,phone,city,state,join_date) VALUES (45,'Ibrahim','Obi','ibrahim.obi57@gmail.com','08050603163','Victoria Island','Lagos','2024-09-18');
INSERT INTO customers (customer_id,first_name,last_name,email,phone,city,state,join_date) VALUES (46,'Okechukwu','Agu','okechukwu.agu39@gmail.com','08023903144','Aba','Abia','2023-05-18');
INSERT INTO customers (customer_id,first_name,last_name,email,phone,city,state,join_date) VALUES (47,'Funmilayo','Tetteh','funmilayo.tetteh96@gmail.com','08046553958','Ikeja','Lagos','2023-10-16');
INSERT INTO customers (customer_id,first_name,last_name,email,phone,city,state,join_date) VALUES (48,'Ikenna','Chukwu','ikenna.chukwu88@gmail.com','08045431319','Abuja','FCT','2024-06-01');
INSERT INTO customers (customer_id,first_name,last_name,email,phone,city,state,join_date) VALUES (49,'Ifeoma','Tetteh','ifeoma.tetteh12@gmail.com','08047135391','Lagos','Lagos','2023-02-15');
INSERT INTO customers (customer_id,first_name,last_name,email,phone,city,state,join_date) VALUES (50,'Musa','Onyeka','musa.onyeka82@gmail.com','08031687165','Lekki','Lagos','2024-03-28');
INSERT INTO menu_items (item_id,restaurant_id,item_name,category,price) VALUES (1,1,'Jollof Rice & Chicken','Main',3500.0);
INSERT INTO menu_items (item_id,restaurant_id,item_name,category,price) VALUES (2,1,'Egusi Soup & Pounded Yam','Main',4000.0);
INSERT INTO menu_items (item_id,restaurant_id,item_name,category,price) VALUES (3,1,'Fried Plantain','Side',800.0);
INSERT INTO menu_items (item_id,restaurant_id,item_name,category,price) VALUES (4,1,'Zobo Drink','Drink',500.0);
INSERT INTO menu_items (item_id,restaurant_id,item_name,category,price) VALUES (5,1,'Moi Moi','Side',600.0);
INSERT INTO menu_items (item_id,restaurant_id,item_name,category,price) VALUES (6,2,'Amala & Ewedu','Main',2500.0);
INSERT INTO menu_items (item_id,restaurant_id,item_name,category,price) VALUES (7,2,'Gbegiri Soup','Main',2800.0);
INSERT INTO menu_items (item_id,restaurant_id,item_name,category,price) VALUES (8,2,'Fried Fish','Protein',1500.0);
INSERT INTO menu_items (item_id,restaurant_id,item_name,category,price) VALUES (9,2,'Palm Wine','Drink',700.0);
INSERT INTO menu_items (item_id,restaurant_id,item_name,category,price) VALUES (10,2,'Semo & Ogbono','Main',3000.0);
INSERT INTO menu_items (item_id,restaurant_id,item_name,category,price) VALUES (11,3,'Chicken Burger','Main',3200.0);
INSERT INTO menu_items (item_id,restaurant_id,item_name,category,price) VALUES (12,3,'Beef Shawarma','Main',2800.0);
INSERT INTO menu_items (item_id,restaurant_id,item_name,category,price) VALUES (13,3,'Chips & Ketchup','Side',1200.0);
INSERT INTO menu_items (item_id,restaurant_id,item_name,category,price) VALUES (14,3,'Milkshake','Drink',1500.0);
INSERT INTO menu_items (item_id,restaurant_id,item_name,category,price) VALUES (15,3,'Grilled Chicken Wrap','Main',3000.0);
INSERT INTO menu_items (item_id,restaurant_id,item_name,category,price) VALUES (16,4,'Suya Platter','Main',5000.0);
INSERT INTO menu_items (item_id,restaurant_id,item_name,category,price) VALUES (17,4,'Grilled Tilapia','Main',6000.0);
INSERT INTO menu_items (item_id,restaurant_id,item_name,category,price) VALUES (18,4,'Pepper Soup','Starter',2500.0);
INSERT INTO menu_items (item_id,restaurant_id,item_name,category,price) VALUES (19,4,'Chapman','Drink',1500.0);
INSERT INTO menu_items (item_id,restaurant_id,item_name,category,price) VALUES (20,4,'Asun','Protein',4000.0);
INSERT INTO menu_items (item_id,restaurant_id,item_name,category,price) VALUES (21,5,'Native Jollof','Main',3000.0);
INSERT INTO menu_items (item_id,restaurant_id,item_name,category,price) VALUES (22,5,'Banga Soup & Starch','Main',3500.0);
INSERT INTO menu_items (item_id,restaurant_id,item_name,category,price) VALUES (23,5,'Peppered Snail','Protein',4500.0);
INSERT INTO menu_items (item_id,restaurant_id,item_name,category,price) VALUES (24,5,'Fresh Fish Pepper Soup','Main',4000.0);
INSERT INTO menu_items (item_id,restaurant_id,item_name,category,price) VALUES (25,5,'Garri & Groundnut','Side',500.0);
INSERT INTO menu_items (item_id,restaurant_id,item_name,category,price) VALUES (26,6,'Sweet & Sour Chicken','Main',4500.0);
INSERT INTO menu_items (item_id,restaurant_id,item_name,category,price) VALUES (27,6,'Fried Rice (Chinese)','Main',3800.0);
INSERT INTO menu_items (item_id,restaurant_id,item_name,category,price) VALUES (28,6,'Spring Rolls','Starter',1500.0);
INSERT INTO menu_items (item_id,restaurant_id,item_name,category,price) VALUES (29,6,'Chow Mein','Main',4000.0);
INSERT INTO menu_items (item_id,restaurant_id,item_name,category,price) VALUES (30,6,'Green Tea','Drink',800.0);
INSERT INTO menu_items (item_id,restaurant_id,item_name,category,price) VALUES (31,7,'Edikaikong Soup','Main',5000.0);
INSERT INTO menu_items (item_id,restaurant_id,item_name,category,price) VALUES (32,7,'Afang Soup & Fufu','Main',4500.0);
INSERT INTO menu_items (item_id,restaurant_id,item_name,category,price) VALUES (33,7,'Ekpang Nkukwo','Main',4000.0);
INSERT INTO menu_items (item_id,restaurant_id,item_name,category,price) VALUES (34,7,'Periwinkle Soup','Main',3500.0);
INSERT INTO menu_items (item_id,restaurant_id,item_name,category,price) VALUES (35,7,'Fresh Palm Wine','Drink',1000.0);
INSERT INTO menu_items (item_id,restaurant_id,item_name,category,price) VALUES (36,8,'Chicken Shawarma','Main',2500.0);
INSERT INTO menu_items (item_id,restaurant_id,item_name,category,price) VALUES (37,8,'Beef Shawarma','Main',2800.0);
INSERT INTO menu_items (item_id,restaurant_id,item_name,category,price) VALUES (38,8,'Shawarma Combo','Main',4000.0);
INSERT INTO menu_items (item_id,restaurant_id,item_name,category,price) VALUES (39,8,'Fanta','Drink',500.0);
INSERT INTO menu_items (item_id,restaurant_id,item_name,category,price) VALUES (40,8,'Coleslaw','Side',800.0);
INSERT INTO menu_items (item_id,restaurant_id,item_name,category,price) VALUES (41,9,'Party Jollof Rice','Main',3000.0);
INSERT INTO menu_items (item_id,restaurant_id,item_name,category,price) VALUES (42,9,'Smoky Jollof & Turkey','Main',4500.0);
INSERT INTO menu_items (item_id,restaurant_id,item_name,category,price) VALUES (43,9,'Fried Rice & Chicken','Main',3500.0);
INSERT INTO menu_items (item_id,restaurant_id,item_name,category,price) VALUES (44,9,'Small Chops','Side',2000.0);
INSERT INTO menu_items (item_id,restaurant_id,item_name,category,price) VALUES (45,9,'Zobo','Drink',500.0);
INSERT INTO menu_items (item_id,restaurant_id,item_name,category,price) VALUES (46,10,'Waakye','Main',3000.0);
INSERT INTO menu_items (item_id,restaurant_id,item_name,category,price) VALUES (47,10,'Banku & Tilapia','Main',4500.0);
INSERT INTO menu_items (item_id,restaurant_id,item_name,category,price) VALUES (48,10,'Kelewele','Side',1000.0);
INSERT INTO menu_items (item_id,restaurant_id,item_name,category,price) VALUES (49,10,'Kenkey & Fish','Main',3500.0);
INSERT INTO menu_items (item_id,restaurant_id,item_name,category,price) VALUES (50,10,'Sobolo','Drink',600.0);
INSERT INTO menu_items (item_id,restaurant_id,item_name,category,price) VALUES (51,11,'Beef Suya','Main',3000.0);
INSERT INTO menu_items (item_id,restaurant_id,item_name,category,price) VALUES (52,11,'Ram Suya','Main',4000.0);
INSERT INTO menu_items (item_id,restaurant_id,item_name,category,price) VALUES (53,11,'Chicken Suya','Main',2500.0);
INSERT INTO menu_items (item_id,restaurant_id,item_name,category,price) VALUES (54,11,'Suya Combo','Main',5500.0);
INSERT INTO menu_items (item_id,restaurant_id,item_name,category,price) VALUES (55,11,'Kunu Drink','Drink',400.0);
INSERT INTO menu_items (item_id,restaurant_id,item_name,category,price) VALUES (56,12,'Pepperoni Pizza','Main',6000.0);
INSERT INTO menu_items (item_id,restaurant_id,item_name,category,price) VALUES (57,12,'Margherita Pizza','Main',5000.0);
INSERT INTO menu_items (item_id,restaurant_id,item_name,category,price) VALUES (58,12,'Chicken Wings','Side',3500.0);
INSERT INTO menu_items (item_id,restaurant_id,item_name,category,price) VALUES (59,12,'Garlic Bread','Side',1500.0);
INSERT INTO menu_items (item_id,restaurant_id,item_name,category,price) VALUES (60,12,'Coca-Cola','Drink',500.0);
INSERT INTO menu_items (item_id,restaurant_id,item_name,category,price) VALUES (61,13,'Ofe Nsala','Main',3500.0);
INSERT INTO menu_items (item_id,restaurant_id,item_name,category,price) VALUES (62,13,'Abacha','Main',2500.0);
INSERT INTO menu_items (item_id,restaurant_id,item_name,category,price) VALUES (63,13,'Nkwobi','Protein',4000.0);
INSERT INTO menu_items (item_id,restaurant_id,item_name,category,price) VALUES (64,13,'Ugba','Side',1500.0);
INSERT INTO menu_items (item_id,restaurant_id,item_name,category,price) VALUES (65,13,'Palm Wine','Drink',800.0);
INSERT INTO menu_items (item_id,restaurant_id,item_name,category,price) VALUES (66,14,'Owo Soup & Eba','Main',3000.0);
INSERT INTO menu_items (item_id,restaurant_id,item_name,category,price) VALUES (67,14,'Black Soup & Starch','Main',3500.0);
INSERT INTO menu_items (item_id,restaurant_id,item_name,category,price) VALUES (68,14,'Grilled Croaker','Protein',3000.0);
INSERT INTO menu_items (item_id,restaurant_id,item_name,category,price) VALUES (69,14,'Fried Yam & Egg','Side',1500.0);
INSERT INTO menu_items (item_id,restaurant_id,item_name,category,price) VALUES (70,14,'Zobo','Drink',500.0);
INSERT INTO menu_items (item_id,restaurant_id,item_name,category,price) VALUES (71,15,'Amala Special','Main',3500.0);
INSERT INTO menu_items (item_id,restaurant_id,item_name,category,price) VALUES (72,15,'Ofada Rice & Sauce','Main',4000.0);
INSERT INTO menu_items (item_id,restaurant_id,item_name,category,price) VALUES (73,15,'Efo Riro & Poundo','Main',3800.0);
INSERT INTO menu_items (item_id,restaurant_id,item_name,category,price) VALUES (74,15,'Turkey Leg','Protein',2500.0);
INSERT INTO menu_items (item_id,restaurant_id,item_name,category,price) VALUES (75,15,'Kunu','Drink',500.0);
INSERT INTO menu_items (item_id,restaurant_id,item_name,category,price) VALUES (76,16,'Fufu & Light Soup','Main',3500.0);
INSERT INTO menu_items (item_id,restaurant_id,item_name,category,price) VALUES (77,16,'Jollof with Shito','Main',3000.0);
INSERT INTO menu_items (item_id,restaurant_id,item_name,category,price) VALUES (78,16,'Red Red (Bean Stew)','Main',2500.0);
INSERT INTO menu_items (item_id,restaurant_id,item_name,category,price) VALUES (79,16,'Kelewele','Side',1000.0);
INSERT INTO menu_items (item_id,restaurant_id,item_name,category,price) VALUES (80,16,'Bissap Juice','Drink',700.0);
INSERT INTO menu_items (item_id,restaurant_id,item_name,category,price) VALUES (81,17,'Special Fried Rice','Main',3500.0);
INSERT INTO menu_items (item_id,restaurant_id,item_name,category,price) VALUES (82,17,'Coconut Fried Rice','Main',4000.0);
INSERT INTO menu_items (item_id,restaurant_id,item_name,category,price) VALUES (83,17,'Egg Fried Rice','Main',3000.0);
INSERT INTO menu_items (item_id,restaurant_id,item_name,category,price) VALUES (84,17,'Coleslaw','Side',800.0);
INSERT INTO menu_items (item_id,restaurant_id,item_name,category,price) VALUES (85,17,'Sprite','Drink',500.0);
INSERT INTO menu_items (item_id,restaurant_id,item_name,category,price) VALUES (86,18,'Mango Smoothie','Drink',2500.0);
INSERT INTO menu_items (item_id,restaurant_id,item_name,category,price) VALUES (87,18,'Green Detox','Drink',3000.0);
INSERT INTO menu_items (item_id,restaurant_id,item_name,category,price) VALUES (88,18,'Berry Blast','Drink',2800.0);
INSERT INTO menu_items (item_id,restaurant_id,item_name,category,price) VALUES (89,18,'Protein Shake','Drink',3500.0);
INSERT INTO menu_items (item_id,restaurant_id,item_name,category,price) VALUES (90,18,'Fresh Juice','Drink',2000.0);
INSERT INTO menu_items (item_id,restaurant_id,item_name,category,price) VALUES (91,19,'Nkwobi Special','Main',5000.0);
INSERT INTO menu_items (item_id,restaurant_id,item_name,category,price) VALUES (92,19,'Isi Ewu','Main',5500.0);
INSERT INTO menu_items (item_id,restaurant_id,item_name,category,price) VALUES (93,19,'Pepper Soup','Main',3000.0);
INSERT INTO menu_items (item_id,restaurant_id,item_name,category,price) VALUES (94,19,'Ugba & Fish','Side',2000.0);
INSERT INTO menu_items (item_id,restaurant_id,item_name,category,price) VALUES (95,19,'Palm Wine','Drink',800.0);
INSERT INTO menu_items (item_id,restaurant_id,item_name,category,price) VALUES (96,20,'Banga Rice','Main',3500.0);
INSERT INTO menu_items (item_id,restaurant_id,item_name,category,price) VALUES (97,20,'Starch & Banga','Main',3000.0);
INSERT INTO menu_items (item_id,restaurant_id,item_name,category,price) VALUES (98,20,'Fried Plantain','Side',800.0);
INSERT INTO menu_items (item_id,restaurant_id,item_name,category,price) VALUES (99,20,'Pepper Soup','Main',2500.0);
INSERT INTO menu_items (item_id,restaurant_id,item_name,category,price) VALUES (100,20,'Zobo','Drink',500.0);
INSERT INTO orders (order_id,customer_id,restaurant_id,rider_id,order_date,delivery_fee,status) VALUES (1,18,12,7,'2024-12-13',1500.0,'Delivered');
INSERT INTO orders (order_id,customer_id,restaurant_id,rider_id,order_date,delivery_fee,status) VALUES (2,2,4,5,'2024-04-01',1500.0,'Delivered');
INSERT INTO orders (order_id,customer_id,restaurant_id,rider_id,order_date,delivery_fee,status) VALUES (3,3,4,6,'2025-01-08',1000.0,'Delivered');
INSERT INTO orders (order_id,customer_id,restaurant_id,rider_id,order_date,delivery_fee,status) VALUES (4,39,17,15,'2024-10-22',700.0,'Delivered');
INSERT INTO orders (order_id,customer_id,restaurant_id,rider_id,order_date,delivery_fee,status) VALUES (5,3,14,NULL,'2025-02-16',1500.0,'Delivered');
INSERT INTO orders (order_id,customer_id,restaurant_id,rider_id,order_date,delivery_fee,status) VALUES (6,24,14,11,'2024-06-18',1500.0,'Delivered');
INSERT INTO orders (order_id,customer_id,restaurant_id,rider_id,order_date,delivery_fee,status) VALUES (7,43,4,5,'2024-09-16',1000.0,'Delivered');
INSERT INTO orders (order_id,customer_id,restaurant_id,rider_id,order_date,delivery_fee,status) VALUES (8,21,13,9,'2024-03-06',700.0,'Delivered');
INSERT INTO orders (order_id,customer_id,restaurant_id,rider_id,order_date,delivery_fee,status) VALUES (9,43,13,15,'2024-03-30',1500.0,'Delivered');
INSERT INTO orders (order_id,customer_id,restaurant_id,rider_id,order_date,delivery_fee,status) VALUES (10,20,13,1,'2024-06-04',1000.0,'Delivered');
INSERT INTO orders (order_id,customer_id,restaurant_id,rider_id,order_date,delivery_fee,status) VALUES (11,28,19,6,'2024-08-26',1200.0,'Cancelled');
INSERT INTO orders (order_id,customer_id,restaurant_id,rider_id,order_date,delivery_fee,status) VALUES (12,44,7,13,'2025-02-11',700.0,'Delivered');
INSERT INTO orders (order_id,customer_id,restaurant_id,rider_id,order_date,delivery_fee,status) VALUES (13,19,17,10,'2024-06-20',500.0,'Delivered');
INSERT INTO orders (order_id,customer_id,restaurant_id,rider_id,order_date,delivery_fee,status) VALUES (14,44,10,4,'2024-03-16',500.0,'Delivered');
INSERT INTO orders (order_id,customer_id,restaurant_id,rider_id,order_date,delivery_fee,status) VALUES (15,16,16,13,'2024-02-07',1200.0,'Delivered');
INSERT INTO orders (order_id,customer_id,restaurant_id,rider_id,order_date,delivery_fee,status) VALUES (16,41,19,12,'2024-07-15',1200.0,'Delivered');
INSERT INTO orders (order_id,customer_id,restaurant_id,rider_id,order_date,delivery_fee,status) VALUES (17,16,5,1,'2025-01-19',500.0,'Delivered');
INSERT INTO orders (order_id,customer_id,restaurant_id,rider_id,order_date,delivery_fee,status) VALUES (18,15,6,12,'2024-09-22',1200.0,'Delivered');
INSERT INTO orders (order_id,customer_id,restaurant_id,rider_id,order_date,delivery_fee,status) VALUES (19,36,8,2,'2024-08-21',700.0,'Cancelled');
INSERT INTO orders (order_id,customer_id,restaurant_id,rider_id,order_date,delivery_fee,status) VALUES (20,43,17,10,'2024-06-11',1200.0,'Delivered');
INSERT INTO orders (order_id,customer_id,restaurant_id,rider_id,order_date,delivery_fee,status) VALUES (21,33,14,9,'2024-08-16',700.0,'Cancelled');
INSERT INTO orders (order_id,customer_id,restaurant_id,rider_id,order_date,delivery_fee,status) VALUES (22,29,9,14,'2024-11-22',1000.0,'In Transit');
INSERT INTO orders (order_id,customer_id,restaurant_id,rider_id,order_date,delivery_fee,status) VALUES (23,32,8,2,'2024-12-31',1000.0,'Delivered');
INSERT INTO orders (order_id,customer_id,restaurant_id,rider_id,order_date,delivery_fee,status) VALUES (24,18,11,9,'2024-02-11',700.0,'Delivered');
INSERT INTO orders (order_id,customer_id,restaurant_id,rider_id,order_date,delivery_fee,status) VALUES (25,15,13,12,'2024-04-19',500.0,'Delivered');
INSERT INTO orders (order_id,customer_id,restaurant_id,rider_id,order_date,delivery_fee,status) VALUES (26,27,11,7,'2024-02-01',700.0,'Delivered');
INSERT INTO orders (order_id,customer_id,restaurant_id,rider_id,order_date,delivery_fee,status) VALUES (27,25,19,1,'2025-03-14',1500.0,'Delivered');
INSERT INTO orders (order_id,customer_id,restaurant_id,rider_id,order_date,delivery_fee,status) VALUES (28,31,1,5,'2025-01-20',1200.0,'Delivered');
INSERT INTO orders (order_id,customer_id,restaurant_id,rider_id,order_date,delivery_fee,status) VALUES (29,35,18,15,'2024-04-22',1200.0,'Delivered');
INSERT INTO orders (order_id,customer_id,restaurant_id,rider_id,order_date,delivery_fee,status) VALUES (30,18,14,7,'2024-06-21',1200.0,'Delivered');
INSERT INTO orders (order_id,customer_id,restaurant_id,rider_id,order_date,delivery_fee,status) VALUES (31,30,5,9,'2024-01-14',1200.0,'Delivered');
INSERT INTO orders (order_id,customer_id,restaurant_id,rider_id,order_date,delivery_fee,status) VALUES (32,37,1,7,'2024-03-10',1200.0,'Delivered');
INSERT INTO orders (order_id,customer_id,restaurant_id,rider_id,order_date,delivery_fee,status) VALUES (33,4,9,4,'2024-08-20',1000.0,'Delivered');
INSERT INTO orders (order_id,customer_id,restaurant_id,rider_id,order_date,delivery_fee,status) VALUES (34,25,9,14,'2024-08-03',1000.0,'Delivered');
INSERT INTO orders (order_id,customer_id,restaurant_id,rider_id,order_date,delivery_fee,status) VALUES (35,31,1,1,'2024-06-28',700.0,'Delivered');
INSERT INTO orders (order_id,customer_id,restaurant_id,rider_id,order_date,delivery_fee,status) VALUES (36,42,2,4,'2024-04-12',500.0,'Delivered');
INSERT INTO orders (order_id,customer_id,restaurant_id,rider_id,order_date,delivery_fee,status) VALUES (37,10,8,11,'2024-02-28',1500.0,'Delivered');
INSERT INTO orders (order_id,customer_id,restaurant_id,rider_id,order_date,delivery_fee,status) VALUES (38,30,9,3,'2024-11-06',1500.0,'Delivered');
INSERT INTO orders (order_id,customer_id,restaurant_id,rider_id,order_date,delivery_fee,status) VALUES (39,11,10,1,'2024-06-08',1500.0,'Delivered');
INSERT INTO orders (order_id,customer_id,restaurant_id,rider_id,order_date,delivery_fee,status) VALUES (40,26,7,12,'2025-03-01',700.0,'Delivered');
INSERT INTO orders (order_id,customer_id,restaurant_id,rider_id,order_date,delivery_fee,status) VALUES (41,45,10,10,'2025-02-16',500.0,'Delivered');
INSERT INTO orders (order_id,customer_id,restaurant_id,rider_id,order_date,delivery_fee,status) VALUES (42,3,12,11,'2024-07-08',500.0,'In Transit');
INSERT INTO orders (order_id,customer_id,restaurant_id,rider_id,order_date,delivery_fee,status) VALUES (43,42,11,NULL,'2024-08-03',1200.0,'Delivered');
INSERT INTO orders (order_id,customer_id,restaurant_id,rider_id,order_date,delivery_fee,status) VALUES (44,28,12,14,'2024-08-23',700.0,'Delivered');
INSERT INTO orders (order_id,customer_id,restaurant_id,rider_id,order_date,delivery_fee,status) VALUES (45,12,17,5,'2024-11-11',1500.0,'Cancelled');
INSERT INTO orders (order_id,customer_id,restaurant_id,rider_id,order_date,delivery_fee,status) VALUES (46,30,14,10,'2024-05-17',1000.0,'Delivered');
INSERT INTO orders (order_id,customer_id,restaurant_id,rider_id,order_date,delivery_fee,status) VALUES (47,6,9,4,'2025-01-19',1200.0,'Delivered');
INSERT INTO orders (order_id,customer_id,restaurant_id,rider_id,order_date,delivery_fee,status) VALUES (48,40,13,8,'2025-03-11',1000.0,'Delivered');
INSERT INTO orders (order_id,customer_id,restaurant_id,rider_id,order_date,delivery_fee,status) VALUES (49,32,7,5,'2024-06-23',1000.0,'Delivered');
INSERT INTO orders (order_id,customer_id,restaurant_id,rider_id,order_date,delivery_fee,status) VALUES (50,45,9,9,'2024-04-07',500.0,'Delivered');
INSERT INTO orders (order_id,customer_id,restaurant_id,rider_id,order_date,delivery_fee,status) VALUES (51,27,16,4,'2024-12-19',1200.0,'Cancelled');
INSERT INTO orders (order_id,customer_id,restaurant_id,rider_id,order_date,delivery_fee,status) VALUES (52,29,1,4,'2024-07-26',700.0,'Delivered');
INSERT INTO orders (order_id,customer_id,restaurant_id,rider_id,order_date,delivery_fee,status) VALUES (53,43,19,9,'2024-09-28',1000.0,'Delivered');
INSERT INTO orders (order_id,customer_id,restaurant_id,rider_id,order_date,delivery_fee,status) VALUES (54,36,11,8,'2024-05-18',1000.0,'Delivered');
INSERT INTO orders (order_id,customer_id,restaurant_id,rider_id,order_date,delivery_fee,status) VALUES (55,15,4,6,'2024-03-02',1500.0,'Delivered');
INSERT INTO orders (order_id,customer_id,restaurant_id,rider_id,order_date,delivery_fee,status) VALUES (56,13,7,5,'2025-01-05',1500.0,'In Transit');
INSERT INTO orders (order_id,customer_id,restaurant_id,rider_id,order_date,delivery_fee,status) VALUES (57,39,10,14,'2024-04-09',1000.0,'Delivered');
INSERT INTO orders (order_id,customer_id,restaurant_id,rider_id,order_date,delivery_fee,status) VALUES (58,24,6,12,'2024-09-30',700.0,'Delivered');
INSERT INTO orders (order_id,customer_id,restaurant_id,rider_id,order_date,delivery_fee,status) VALUES (59,3,2,12,'2024-03-05',1200.0,'Delivered');
INSERT INTO orders (order_id,customer_id,restaurant_id,rider_id,order_date,delivery_fee,status) VALUES (60,1,19,8,'2024-08-13',1000.0,'Delivered');
INSERT INTO orders (order_id,customer_id,restaurant_id,rider_id,order_date,delivery_fee,status) VALUES (61,4,9,8,'2024-02-28',500.0,'Delivered');
INSERT INTO orders (order_id,customer_id,restaurant_id,rider_id,order_date,delivery_fee,status) VALUES (62,32,3,11,'2024-01-28',700.0,'Delivered');
INSERT INTO orders (order_id,customer_id,restaurant_id,rider_id,order_date,delivery_fee,status) VALUES (63,37,10,4,'2024-03-01',1500.0,'Delivered');
INSERT INTO orders (order_id,customer_id,restaurant_id,rider_id,order_date,delivery_fee,status) VALUES (64,39,8,7,'2024-08-18',1200.0,'Delivered');
INSERT INTO orders (order_id,customer_id,restaurant_id,rider_id,order_date,delivery_fee,status) VALUES (65,38,14,10,'2024-01-31',1500.0,'Delivered');
INSERT INTO orders (order_id,customer_id,restaurant_id,rider_id,order_date,delivery_fee,status) VALUES (66,14,7,2,'2024-03-21',700.0,'Delivered');
INSERT INTO orders (order_id,customer_id,restaurant_id,rider_id,order_date,delivery_fee,status) VALUES (67,36,3,7,'2024-08-18',1500.0,'Cancelled');
INSERT INTO orders (order_id,customer_id,restaurant_id,rider_id,order_date,delivery_fee,status) VALUES (68,19,2,12,'2024-05-24',1200.0,'Delivered');
INSERT INTO orders (order_id,customer_id,restaurant_id,rider_id,order_date,delivery_fee,status) VALUES (69,44,8,13,'2025-02-09',1500.0,'Delivered');
INSERT INTO orders (order_id,customer_id,restaurant_id,rider_id,order_date,delivery_fee,status) VALUES (70,28,4,11,'2024-03-17',1000.0,'Delivered');
INSERT INTO orders (order_id,customer_id,restaurant_id,rider_id,order_date,delivery_fee,status) VALUES (71,5,2,5,'2024-10-31',1500.0,'Delivered');
INSERT INTO orders (order_id,customer_id,restaurant_id,rider_id,order_date,delivery_fee,status) VALUES (72,29,4,5,'2024-12-24',1200.0,'Delivered');
INSERT INTO orders (order_id,customer_id,restaurant_id,rider_id,order_date,delivery_fee,status) VALUES (73,33,18,2,'2024-11-02',500.0,'Delivered');
INSERT INTO orders (order_id,customer_id,restaurant_id,rider_id,order_date,delivery_fee,status) VALUES (74,21,9,NULL,'2024-04-27',1500.0,'Delivered');
INSERT INTO orders (order_id,customer_id,restaurant_id,rider_id,order_date,delivery_fee,status) VALUES (75,2,9,13,'2025-01-22',700.0,'Cancelled');
INSERT INTO orders (order_id,customer_id,restaurant_id,rider_id,order_date,delivery_fee,status) VALUES (76,34,15,3,'2024-10-26',1200.0,'Cancelled');
INSERT INTO orders (order_id,customer_id,restaurant_id,rider_id,order_date,delivery_fee,status) VALUES (77,6,16,6,'2024-06-13',500.0,'Delivered');
INSERT INTO orders (order_id,customer_id,restaurant_id,rider_id,order_date,delivery_fee,status) VALUES (78,22,14,5,'2024-12-05',1200.0,'In Transit');
INSERT INTO orders (order_id,customer_id,restaurant_id,rider_id,order_date,delivery_fee,status) VALUES (79,3,15,5,'2024-06-14',500.0,'Delivered');
INSERT INTO orders (order_id,customer_id,restaurant_id,rider_id,order_date,delivery_fee,status) VALUES (80,33,1,9,'2024-08-24',1200.0,'Delivered');
INSERT INTO orders (order_id,customer_id,restaurant_id,rider_id,order_date,delivery_fee,status) VALUES (81,13,17,13,'2024-09-12',1200.0,'Delivered');
INSERT INTO orders (order_id,customer_id,restaurant_id,rider_id,order_date,delivery_fee,status) VALUES (82,14,9,15,'2024-05-27',1200.0,'Cancelled');
INSERT INTO orders (order_id,customer_id,restaurant_id,rider_id,order_date,delivery_fee,status) VALUES (83,8,1,10,'2025-02-13',700.0,'Delivered');
INSERT INTO orders (order_id,customer_id,restaurant_id,rider_id,order_date,delivery_fee,status) VALUES (84,20,18,NULL,'2024-07-27',500.0,'Delivered');
INSERT INTO orders (order_id,customer_id,restaurant_id,rider_id,order_date,delivery_fee,status) VALUES (85,8,15,11,'2025-03-02',700.0,'Cancelled');
INSERT INTO orders (order_id,customer_id,restaurant_id,rider_id,order_date,delivery_fee,status) VALUES (86,19,17,7,'2025-03-03',1200.0,'Cancelled');
INSERT INTO orders (order_id,customer_id,restaurant_id,rider_id,order_date,delivery_fee,status) VALUES (87,16,15,7,'2024-04-07',1500.0,'In Transit');
INSERT INTO orders (order_id,customer_id,restaurant_id,rider_id,order_date,delivery_fee,status) VALUES (88,9,3,13,'2025-03-13',1200.0,'Delivered');
INSERT INTO orders (order_id,customer_id,restaurant_id,rider_id,order_date,delivery_fee,status) VALUES (89,33,9,5,'2025-01-06',1000.0,'Delivered');
INSERT INTO orders (order_id,customer_id,restaurant_id,rider_id,order_date,delivery_fee,status) VALUES (90,38,16,8,'2024-10-02',1200.0,'Delivered');
INSERT INTO orders (order_id,customer_id,restaurant_id,rider_id,order_date,delivery_fee,status) VALUES (91,22,18,7,'2024-08-21',1000.0,'Delivered');
INSERT INTO orders (order_id,customer_id,restaurant_id,rider_id,order_date,delivery_fee,status) VALUES (92,45,8,4,'2025-03-14',1200.0,'Delivered');
INSERT INTO orders (order_id,customer_id,restaurant_id,rider_id,order_date,delivery_fee,status) VALUES (93,21,16,13,'2024-07-14',1200.0,'Delivered');
INSERT INTO orders (order_id,customer_id,restaurant_id,rider_id,order_date,delivery_fee,status) VALUES (94,32,2,10,'2024-06-18',500.0,'Cancelled');
INSERT INTO orders (order_id,customer_id,restaurant_id,rider_id,order_date,delivery_fee,status) VALUES (95,7,17,1,'2025-01-04',700.0,'Delivered');
INSERT INTO orders (order_id,customer_id,restaurant_id,rider_id,order_date,delivery_fee,status) VALUES (96,42,5,13,'2024-05-15',1000.0,'Delivered');
INSERT INTO orders (order_id,customer_id,restaurant_id,rider_id,order_date,delivery_fee,status) VALUES (97,45,13,14,'2024-06-17',1500.0,'Delivered');
INSERT INTO orders (order_id,customer_id,restaurant_id,rider_id,order_date,delivery_fee,status) VALUES (98,21,16,1,'2024-11-12',500.0,'Delivered');
INSERT INTO orders (order_id,customer_id,restaurant_id,rider_id,order_date,delivery_fee,status) VALUES (99,41,10,12,'2024-02-16',1200.0,'Delivered');
INSERT INTO orders (order_id,customer_id,restaurant_id,rider_id,order_date,delivery_fee,status) VALUES (100,41,4,12,'2024-06-02',500.0,'Delivered');
INSERT INTO orders (order_id,customer_id,restaurant_id,rider_id,order_date,delivery_fee,status) VALUES (101,21,2,6,'2024-08-08',700.0,'Delivered');
INSERT INTO orders (order_id,customer_id,restaurant_id,rider_id,order_date,delivery_fee,status) VALUES (102,34,14,13,'2024-04-02',700.0,'Delivered');
INSERT INTO orders (order_id,customer_id,restaurant_id,rider_id,order_date,delivery_fee,status) VALUES (103,6,13,4,'2024-09-11',1500.0,'Delivered');
INSERT INTO orders (order_id,customer_id,restaurant_id,rider_id,order_date,delivery_fee,status) VALUES (104,15,15,8,'2024-05-10',500.0,'Cancelled');
INSERT INTO orders (order_id,customer_id,restaurant_id,rider_id,order_date,delivery_fee,status) VALUES (105,19,18,8,'2024-06-25',1500.0,'Delivered');
INSERT INTO orders (order_id,customer_id,restaurant_id,rider_id,order_date,delivery_fee,status) VALUES (106,41,14,8,'2025-03-08',1000.0,'Delivered');
INSERT INTO orders (order_id,customer_id,restaurant_id,rider_id,order_date,delivery_fee,status) VALUES (107,25,16,7,'2024-10-19',1000.0,'Delivered');
INSERT INTO orders (order_id,customer_id,restaurant_id,rider_id,order_date,delivery_fee,status) VALUES (108,19,10,NULL,'2025-02-28',1200.0,'Delivered');
INSERT INTO orders (order_id,customer_id,restaurant_id,rider_id,order_date,delivery_fee,status) VALUES (109,1,19,13,'2025-01-16',500.0,'Delivered');
INSERT INTO orders (order_id,customer_id,restaurant_id,rider_id,order_date,delivery_fee,status) VALUES (110,32,10,4,'2024-11-06',1000.0,'Delivered');
INSERT INTO orders (order_id,customer_id,restaurant_id,rider_id,order_date,delivery_fee,status) VALUES (111,41,7,11,'2025-01-21',700.0,'Delivered');
INSERT INTO orders (order_id,customer_id,restaurant_id,rider_id,order_date,delivery_fee,status) VALUES (112,41,2,8,'2024-01-18',1500.0,'Delivered');
INSERT INTO orders (order_id,customer_id,restaurant_id,rider_id,order_date,delivery_fee,status) VALUES (113,9,3,6,'2025-01-17',1200.0,'Delivered');
INSERT INTO orders (order_id,customer_id,restaurant_id,rider_id,order_date,delivery_fee,status) VALUES (114,13,5,15,'2024-07-06',1500.0,'In Transit');
INSERT INTO orders (order_id,customer_id,restaurant_id,rider_id,order_date,delivery_fee,status) VALUES (115,18,6,14,'2024-09-03',1000.0,'Delivered');
INSERT INTO orders (order_id,customer_id,restaurant_id,rider_id,order_date,delivery_fee,status) VALUES (116,8,15,3,'2025-01-21',700.0,'Delivered');
INSERT INTO orders (order_id,customer_id,restaurant_id,rider_id,order_date,delivery_fee,status) VALUES (117,36,12,7,'2024-01-08',1000.0,'In Transit');
INSERT INTO orders (order_id,customer_id,restaurant_id,rider_id,order_date,delivery_fee,status) VALUES (118,8,15,12,'2024-12-10',1000.0,'Delivered');
INSERT INTO orders (order_id,customer_id,restaurant_id,rider_id,order_date,delivery_fee,status) VALUES (119,25,12,4,'2024-08-29',500.0,'Delivered');
INSERT INTO orders (order_id,customer_id,restaurant_id,rider_id,order_date,delivery_fee,status) VALUES (120,36,11,4,'2024-11-27',500.0,'Cancelled');
INSERT INTO orders (order_id,customer_id,restaurant_id,rider_id,order_date,delivery_fee,status) VALUES (121,45,10,2,'2024-03-12',500.0,'Delivered');
INSERT INTO orders (order_id,customer_id,restaurant_id,rider_id,order_date,delivery_fee,status) VALUES (122,20,16,4,'2024-10-02',700.0,'Delivered');
INSERT INTO orders (order_id,customer_id,restaurant_id,rider_id,order_date,delivery_fee,status) VALUES (123,30,12,12,'2024-12-22',1500.0,'Delivered');
INSERT INTO orders (order_id,customer_id,restaurant_id,rider_id,order_date,delivery_fee,status) VALUES (124,38,5,11,'2024-02-20',1200.0,'Delivered');
INSERT INTO orders (order_id,customer_id,restaurant_id,rider_id,order_date,delivery_fee,status) VALUES (125,27,9,NULL,'2024-07-08',700.0,'Cancelled');
INSERT INTO orders (order_id,customer_id,restaurant_id,rider_id,order_date,delivery_fee,status) VALUES (126,29,8,2,'2024-12-17',1000.0,'In Transit');
INSERT INTO orders (order_id,customer_id,restaurant_id,rider_id,order_date,delivery_fee,status) VALUES (127,42,12,5,'2024-04-07',500.0,'Cancelled');
INSERT INTO orders (order_id,customer_id,restaurant_id,rider_id,order_date,delivery_fee,status) VALUES (128,6,7,10,'2024-01-11',500.0,'Delivered');
INSERT INTO orders (order_id,customer_id,restaurant_id,rider_id,order_date,delivery_fee,status) VALUES (129,16,5,4,'2024-02-05',1500.0,'Delivered');
INSERT INTO orders (order_id,customer_id,restaurant_id,rider_id,order_date,delivery_fee,status) VALUES (130,38,7,4,'2024-06-17',700.0,'Delivered');
INSERT INTO orders (order_id,customer_id,restaurant_id,rider_id,order_date,delivery_fee,status) VALUES (131,1,9,3,'2024-03-07',1500.0,'Delivered');
INSERT INTO orders (order_id,customer_id,restaurant_id,rider_id,order_date,delivery_fee,status) VALUES (132,12,4,1,'2024-03-08',500.0,'Delivered');
INSERT INTO orders (order_id,customer_id,restaurant_id,rider_id,order_date,delivery_fee,status) VALUES (133,16,19,3,'2024-05-15',500.0,'Delivered');
INSERT INTO orders (order_id,customer_id,restaurant_id,rider_id,order_date,delivery_fee,status) VALUES (134,27,17,2,'2024-08-31',1200.0,'Delivered');
INSERT INTO orders (order_id,customer_id,restaurant_id,rider_id,order_date,delivery_fee,status) VALUES (135,33,19,9,'2024-04-23',1500.0,'Delivered');
INSERT INTO orders (order_id,customer_id,restaurant_id,rider_id,order_date,delivery_fee,status) VALUES (136,43,17,11,'2024-01-16',500.0,'Cancelled');
INSERT INTO orders (order_id,customer_id,restaurant_id,rider_id,order_date,delivery_fee,status) VALUES (137,26,14,8,'2024-12-30',1200.0,'Delivered');
INSERT INTO orders (order_id,customer_id,restaurant_id,rider_id,order_date,delivery_fee,status) VALUES (138,6,11,2,'2024-03-05',1000.0,'Delivered');
INSERT INTO orders (order_id,customer_id,restaurant_id,rider_id,order_date,delivery_fee,status) VALUES (139,41,19,6,'2024-07-14',1500.0,'In Transit');
INSERT INTO orders (order_id,customer_id,restaurant_id,rider_id,order_date,delivery_fee,status) VALUES (140,19,15,7,'2024-02-20',500.0,'In Transit');
INSERT INTO orders (order_id,customer_id,restaurant_id,rider_id,order_date,delivery_fee,status) VALUES (141,14,14,4,'2024-07-30',1000.0,'Cancelled');
INSERT INTO orders (order_id,customer_id,restaurant_id,rider_id,order_date,delivery_fee,status) VALUES (142,26,14,6,'2024-08-06',1000.0,'Delivered');
INSERT INTO orders (order_id,customer_id,restaurant_id,rider_id,order_date,delivery_fee,status) VALUES (143,24,5,8,'2024-02-04',500.0,'Delivered');
INSERT INTO orders (order_id,customer_id,restaurant_id,rider_id,order_date,delivery_fee,status) VALUES (144,6,14,12,'2024-07-09',700.0,'In Transit');
INSERT INTO orders (order_id,customer_id,restaurant_id,rider_id,order_date,delivery_fee,status) VALUES (145,4,19,9,'2024-06-17',500.0,'Delivered');
INSERT INTO orders (order_id,customer_id,restaurant_id,rider_id,order_date,delivery_fee,status) VALUES (146,23,14,12,'2024-01-27',1000.0,'Delivered');
INSERT INTO orders (order_id,customer_id,restaurant_id,rider_id,order_date,delivery_fee,status) VALUES (147,20,12,9,'2024-04-18',700.0,'Cancelled');
INSERT INTO orders (order_id,customer_id,restaurant_id,rider_id,order_date,delivery_fee,status) VALUES (148,15,4,9,'2024-07-07',500.0,'Delivered');
INSERT INTO orders (order_id,customer_id,restaurant_id,rider_id,order_date,delivery_fee,status) VALUES (149,37,8,14,'2024-10-14',1500.0,'Delivered');
INSERT INTO orders (order_id,customer_id,restaurant_id,rider_id,order_date,delivery_fee,status) VALUES (150,44,18,NULL,'2024-12-02',1000.0,'Delivered');
INSERT INTO orders (order_id,customer_id,restaurant_id,rider_id,order_date,delivery_fee,status) VALUES (151,12,9,5,'2024-06-22',1000.0,'Delivered');
INSERT INTO orders (order_id,customer_id,restaurant_id,rider_id,order_date,delivery_fee,status) VALUES (152,12,5,7,'2024-02-05',700.0,'Delivered');
INSERT INTO orders (order_id,customer_id,restaurant_id,rider_id,order_date,delivery_fee,status) VALUES (153,6,17,7,'2024-08-20',1000.0,'Delivered');
INSERT INTO orders (order_id,customer_id,restaurant_id,rider_id,order_date,delivery_fee,status) VALUES (154,24,10,13,'2024-10-17',1500.0,'Delivered');
INSERT INTO orders (order_id,customer_id,restaurant_id,rider_id,order_date,delivery_fee,status) VALUES (155,4,5,10,'2024-01-26',500.0,'Delivered');
INSERT INTO orders (order_id,customer_id,restaurant_id,rider_id,order_date,delivery_fee,status) VALUES (156,29,14,8,'2024-07-31',1000.0,'Delivered');
INSERT INTO orders (order_id,customer_id,restaurant_id,rider_id,order_date,delivery_fee,status) VALUES (157,33,4,2,'2024-05-25',1500.0,'Cancelled');
INSERT INTO orders (order_id,customer_id,restaurant_id,rider_id,order_date,delivery_fee,status) VALUES (158,34,10,NULL,'2024-07-21',1500.0,'Delivered');
INSERT INTO orders (order_id,customer_id,restaurant_id,rider_id,order_date,delivery_fee,status) VALUES (159,1,7,4,'2025-01-27',700.0,'Delivered');
INSERT INTO orders (order_id,customer_id,restaurant_id,rider_id,order_date,delivery_fee,status) VALUES (160,19,11,8,'2025-01-17',1200.0,'Delivered');
INSERT INTO orders (order_id,customer_id,restaurant_id,rider_id,order_date,delivery_fee,status) VALUES (161,9,13,4,'2024-09-13',1500.0,'Delivered');
INSERT INTO orders (order_id,customer_id,restaurant_id,rider_id,order_date,delivery_fee,status) VALUES (162,5,13,1,'2024-08-11',500.0,'Cancelled');
INSERT INTO orders (order_id,customer_id,restaurant_id,rider_id,order_date,delivery_fee,status) VALUES (163,5,11,10,'2024-07-26',1200.0,'Delivered');
INSERT INTO orders (order_id,customer_id,restaurant_id,rider_id,order_date,delivery_fee,status) VALUES (164,8,13,NULL,'2024-06-15',700.0,'Delivered');
INSERT INTO orders (order_id,customer_id,restaurant_id,rider_id,order_date,delivery_fee,status) VALUES (165,30,12,14,'2024-02-24',700.0,'Delivered');
INSERT INTO orders (order_id,customer_id,restaurant_id,rider_id,order_date,delivery_fee,status) VALUES (166,38,13,7,'2025-03-21',1000.0,'Delivered');
INSERT INTO orders (order_id,customer_id,restaurant_id,rider_id,order_date,delivery_fee,status) VALUES (167,15,11,2,'2024-09-18',500.0,'In Transit');
INSERT INTO orders (order_id,customer_id,restaurant_id,rider_id,order_date,delivery_fee,status) VALUES (168,33,7,6,'2024-06-28',700.0,'Delivered');
INSERT INTO orders (order_id,customer_id,restaurant_id,rider_id,order_date,delivery_fee,status) VALUES (169,7,5,3,'2024-11-04',700.0,'Delivered');
INSERT INTO orders (order_id,customer_id,restaurant_id,rider_id,order_date,delivery_fee,status) VALUES (170,12,16,10,'2025-01-24',1500.0,'Cancelled');
INSERT INTO orders (order_id,customer_id,restaurant_id,rider_id,order_date,delivery_fee,status) VALUES (171,44,19,10,'2024-06-14',1000.0,'Delivered');
INSERT INTO orders (order_id,customer_id,restaurant_id,rider_id,order_date,delivery_fee,status) VALUES (172,29,3,11,'2024-06-04',1000.0,'Delivered');
INSERT INTO orders (order_id,customer_id,restaurant_id,rider_id,order_date,delivery_fee,status) VALUES (173,4,12,5,'2024-08-24',1200.0,'Delivered');
INSERT INTO orders (order_id,customer_id,restaurant_id,rider_id,order_date,delivery_fee,status) VALUES (174,4,12,2,'2024-11-26',500.0,'Delivered');
INSERT INTO orders (order_id,customer_id,restaurant_id,rider_id,order_date,delivery_fee,status) VALUES (175,39,17,10,'2024-10-10',500.0,'Cancelled');
INSERT INTO orders (order_id,customer_id,restaurant_id,rider_id,order_date,delivery_fee,status) VALUES (176,37,7,8,'2024-09-13',700.0,'Delivered');
INSERT INTO orders (order_id,customer_id,restaurant_id,rider_id,order_date,delivery_fee,status) VALUES (177,29,4,14,'2024-06-24',500.0,'In Transit');
INSERT INTO orders (order_id,customer_id,restaurant_id,rider_id,order_date,delivery_fee,status) VALUES (178,42,6,NULL,'2024-12-28',1200.0,'Cancelled');
INSERT INTO orders (order_id,customer_id,restaurant_id,rider_id,order_date,delivery_fee,status) VALUES (179,34,17,6,'2024-07-09',1000.0,'Delivered');
INSERT INTO orders (order_id,customer_id,restaurant_id,rider_id,order_date,delivery_fee,status) VALUES (180,27,11,1,'2025-02-08',1000.0,'Delivered');
INSERT INTO orders (order_id,customer_id,restaurant_id,rider_id,order_date,delivery_fee,status) VALUES (181,22,4,7,'2024-05-25',1000.0,'Delivered');
INSERT INTO orders (order_id,customer_id,restaurant_id,rider_id,order_date,delivery_fee,status) VALUES (182,10,11,11,'2024-03-13',1000.0,'Delivered');
INSERT INTO orders (order_id,customer_id,restaurant_id,rider_id,order_date,delivery_fee,status) VALUES (183,42,13,12,'2024-02-13',1000.0,'In Transit');
INSERT INTO orders (order_id,customer_id,restaurant_id,rider_id,order_date,delivery_fee,status) VALUES (184,25,11,11,'2024-12-25',1500.0,'Delivered');
INSERT INTO orders (order_id,customer_id,restaurant_id,rider_id,order_date,delivery_fee,status) VALUES (185,42,14,1,'2024-07-04',1000.0,'Delivered');
INSERT INTO orders (order_id,customer_id,restaurant_id,rider_id,order_date,delivery_fee,status) VALUES (186,14,11,8,'2024-04-08',700.0,'Delivered');
INSERT INTO orders (order_id,customer_id,restaurant_id,rider_id,order_date,delivery_fee,status) VALUES (187,10,3,13,'2024-02-21',1500.0,'In Transit');
INSERT INTO orders (order_id,customer_id,restaurant_id,rider_id,order_date,delivery_fee,status) VALUES (188,34,2,15,'2025-01-27',1500.0,'Delivered');
INSERT INTO orders (order_id,customer_id,restaurant_id,rider_id,order_date,delivery_fee,status) VALUES (189,39,13,3,'2025-03-01',1500.0,'Delivered');
INSERT INTO orders (order_id,customer_id,restaurant_id,rider_id,order_date,delivery_fee,status) VALUES (190,29,2,11,'2025-01-03',700.0,'Cancelled');
INSERT INTO orders (order_id,customer_id,restaurant_id,rider_id,order_date,delivery_fee,status) VALUES (191,40,10,13,'2024-08-17',700.0,'In Transit');
INSERT INTO orders (order_id,customer_id,restaurant_id,rider_id,order_date,delivery_fee,status) VALUES (192,16,10,13,'2024-08-28',700.0,'Delivered');
INSERT INTO orders (order_id,customer_id,restaurant_id,rider_id,order_date,delivery_fee,status) VALUES (193,44,19,8,'2025-01-28',1000.0,'Delivered');
INSERT INTO orders (order_id,customer_id,restaurant_id,rider_id,order_date,delivery_fee,status) VALUES (194,33,17,3,'2025-02-22',700.0,'Delivered');
INSERT INTO orders (order_id,customer_id,restaurant_id,rider_id,order_date,delivery_fee,status) VALUES (195,9,9,8,'2025-03-23',1000.0,'In Transit');
INSERT INTO orders (order_id,customer_id,restaurant_id,rider_id,order_date,delivery_fee,status) VALUES (196,7,17,5,'2024-02-12',700.0,'Delivered');
INSERT INTO orders (order_id,customer_id,restaurant_id,rider_id,order_date,delivery_fee,status) VALUES (197,29,17,7,'2024-02-16',700.0,'Cancelled');
INSERT INTO orders (order_id,customer_id,restaurant_id,rider_id,order_date,delivery_fee,status) VALUES (198,23,1,7,'2024-09-14',1000.0,'Delivered');
INSERT INTO orders (order_id,customer_id,restaurant_id,rider_id,order_date,delivery_fee,status) VALUES (199,25,3,1,'2024-06-12',500.0,'Delivered');
INSERT INTO orders (order_id,customer_id,restaurant_id,rider_id,order_date,delivery_fee,status) VALUES (200,10,5,NULL,'2025-02-28',1200.0,'Delivered');
INSERT INTO order_items (order_item_id,order_id,item_id,quantity,unit_price) VALUES (1,1,59,2,1500.0);
INSERT INTO order_items (order_item_id,order_id,item_id,quantity,unit_price) VALUES (2,1,56,1,6000.0);
INSERT INTO order_items (order_item_id,order_id,item_id,quantity,unit_price) VALUES (3,1,60,1,500.0);
INSERT INTO order_items (order_item_id,order_id,item_id,quantity,unit_price) VALUES (4,1,58,3,3500.0);
INSERT INTO order_items (order_item_id,order_id,item_id,quantity,unit_price) VALUES (5,2,16,1,5000.0);
INSERT INTO order_items (order_item_id,order_id,item_id,quantity,unit_price) VALUES (6,2,18,1,2500.0);
INSERT INTO order_items (order_item_id,order_id,item_id,quantity,unit_price) VALUES (7,2,20,1,4000.0);
INSERT INTO order_items (order_item_id,order_id,item_id,quantity,unit_price) VALUES (8,2,17,2,6000.0);
INSERT INTO order_items (order_item_id,order_id,item_id,quantity,unit_price) VALUES (9,3,16,3,5000.0);
INSERT INTO order_items (order_item_id,order_id,item_id,quantity,unit_price) VALUES (10,3,20,3,4000.0);
INSERT INTO order_items (order_item_id,order_id,item_id,quantity,unit_price) VALUES (11,3,17,3,6000.0);
INSERT INTO order_items (order_item_id,order_id,item_id,quantity,unit_price) VALUES (12,3,19,1,1500.0);
INSERT INTO order_items (order_item_id,order_id,item_id,quantity,unit_price) VALUES (13,4,83,1,3000.0);
INSERT INTO order_items (order_item_id,order_id,item_id,quantity,unit_price) VALUES (14,4,84,3,800.0);
INSERT INTO order_items (order_item_id,order_id,item_id,quantity,unit_price) VALUES (15,5,67,3,3500.0);
INSERT INTO order_items (order_item_id,order_id,item_id,quantity,unit_price) VALUES (16,5,69,3,1500.0);
INSERT INTO order_items (order_item_id,order_id,item_id,quantity,unit_price) VALUES (17,5,66,1,3000.0);
INSERT INTO order_items (order_item_id,order_id,item_id,quantity,unit_price) VALUES (18,6,66,2,3000.0);
INSERT INTO order_items (order_item_id,order_id,item_id,quantity,unit_price) VALUES (19,6,70,1,500.0);
INSERT INTO order_items (order_item_id,order_id,item_id,quantity,unit_price) VALUES (20,6,67,3,3500.0);
INSERT INTO order_items (order_item_id,order_id,item_id,quantity,unit_price) VALUES (21,7,18,2,2500.0);
INSERT INTO order_items (order_item_id,order_id,item_id,quantity,unit_price) VALUES (22,7,20,1,4000.0);
INSERT INTO order_items (order_item_id,order_id,item_id,quantity,unit_price) VALUES (23,7,19,2,1500.0);
INSERT INTO order_items (order_item_id,order_id,item_id,quantity,unit_price) VALUES (24,7,16,1,5000.0);
INSERT INTO order_items (order_item_id,order_id,item_id,quantity,unit_price) VALUES (25,8,65,3,800.0);
INSERT INTO order_items (order_item_id,order_id,item_id,quantity,unit_price) VALUES (26,9,62,3,2500.0);
INSERT INTO order_items (order_item_id,order_id,item_id,quantity,unit_price) VALUES (27,9,61,2,3500.0);
INSERT INTO order_items (order_item_id,order_id,item_id,quantity,unit_price) VALUES (28,9,65,3,800.0);
INSERT INTO order_items (order_item_id,order_id,item_id,quantity,unit_price) VALUES (29,10,64,3,1500.0);
INSERT INTO order_items (order_item_id,order_id,item_id,quantity,unit_price) VALUES (30,10,65,1,800.0);
INSERT INTO order_items (order_item_id,order_id,item_id,quantity,unit_price) VALUES (31,11,91,1,5000.0);
INSERT INTO order_items (order_item_id,order_id,item_id,quantity,unit_price) VALUES (32,11,94,2,2000.0);
INSERT INTO order_items (order_item_id,order_id,item_id,quantity,unit_price) VALUES (33,12,31,1,5000.0);
INSERT INTO order_items (order_item_id,order_id,item_id,quantity,unit_price) VALUES (34,12,32,2,4500.0);
INSERT INTO order_items (order_item_id,order_id,item_id,quantity,unit_price) VALUES (35,13,85,2,500.0);
INSERT INTO order_items (order_item_id,order_id,item_id,quantity,unit_price) VALUES (36,13,84,2,800.0);
INSERT INTO order_items (order_item_id,order_id,item_id,quantity,unit_price) VALUES (37,13,83,1,3000.0);
INSERT INTO order_items (order_item_id,order_id,item_id,quantity,unit_price) VALUES (38,14,48,1,1000.0);
INSERT INTO order_items (order_item_id,order_id,item_id,quantity,unit_price) VALUES (39,14,50,3,600.0);
INSERT INTO order_items (order_item_id,order_id,item_id,quantity,unit_price) VALUES (40,15,78,2,2500.0);
INSERT INTO order_items (order_item_id,order_id,item_id,quantity,unit_price) VALUES (41,15,76,2,3500.0);
INSERT INTO order_items (order_item_id,order_id,item_id,quantity,unit_price) VALUES (42,15,77,3,3000.0);
INSERT INTO order_items (order_item_id,order_id,item_id,quantity,unit_price) VALUES (43,16,94,3,2000.0);
INSERT INTO order_items (order_item_id,order_id,item_id,quantity,unit_price) VALUES (44,16,93,2,3000.0);
INSERT INTO order_items (order_item_id,order_id,item_id,quantity,unit_price) VALUES (45,16,91,2,5000.0);
INSERT INTO order_items (order_item_id,order_id,item_id,quantity,unit_price) VALUES (46,16,92,3,5500.0);
INSERT INTO order_items (order_item_id,order_id,item_id,quantity,unit_price) VALUES (47,17,21,2,3000.0);
INSERT INTO order_items (order_item_id,order_id,item_id,quantity,unit_price) VALUES (48,17,24,3,4000.0);
INSERT INTO order_items (order_item_id,order_id,item_id,quantity,unit_price) VALUES (49,17,25,1,500.0);
INSERT INTO order_items (order_item_id,order_id,item_id,quantity,unit_price) VALUES (50,18,28,2,1500.0);
INSERT INTO order_items (order_item_id,order_id,item_id,quantity,unit_price) VALUES (51,18,26,3,4500.0);
INSERT INTO order_items (order_item_id,order_id,item_id,quantity,unit_price) VALUES (52,18,29,2,4000.0);
INSERT INTO order_items (order_item_id,order_id,item_id,quantity,unit_price) VALUES (53,19,39,3,500.0);
INSERT INTO order_items (order_item_id,order_id,item_id,quantity,unit_price) VALUES (54,19,40,2,800.0);
INSERT INTO order_items (order_item_id,order_id,item_id,quantity,unit_price) VALUES (55,19,36,2,2500.0);
INSERT INTO order_items (order_item_id,order_id,item_id,quantity,unit_price) VALUES (56,20,81,2,3500.0);
INSERT INTO order_items (order_item_id,order_id,item_id,quantity,unit_price) VALUES (57,20,83,3,3000.0);
INSERT INTO order_items (order_item_id,order_id,item_id,quantity,unit_price) VALUES (58,20,84,1,800.0);
INSERT INTO order_items (order_item_id,order_id,item_id,quantity,unit_price) VALUES (59,20,82,1,4000.0);
INSERT INTO order_items (order_item_id,order_id,item_id,quantity,unit_price) VALUES (60,21,68,3,3000.0);
INSERT INTO order_items (order_item_id,order_id,item_id,quantity,unit_price) VALUES (61,21,67,3,3500.0);
INSERT INTO order_items (order_item_id,order_id,item_id,quantity,unit_price) VALUES (62,21,66,2,3000.0);
INSERT INTO order_items (order_item_id,order_id,item_id,quantity,unit_price) VALUES (63,21,70,1,500.0);
INSERT INTO order_items (order_item_id,order_id,item_id,quantity,unit_price) VALUES (64,22,41,3,3000.0);
INSERT INTO order_items (order_item_id,order_id,item_id,quantity,unit_price) VALUES (65,22,42,2,4500.0);
INSERT INTO order_items (order_item_id,order_id,item_id,quantity,unit_price) VALUES (66,23,39,1,500.0);
INSERT INTO order_items (order_item_id,order_id,item_id,quantity,unit_price) VALUES (67,23,36,3,2500.0);
INSERT INTO order_items (order_item_id,order_id,item_id,quantity,unit_price) VALUES (68,23,38,2,4000.0);
INSERT INTO order_items (order_item_id,order_id,item_id,quantity,unit_price) VALUES (69,24,53,3,2500.0);
INSERT INTO order_items (order_item_id,order_id,item_id,quantity,unit_price) VALUES (70,24,54,1,5500.0);
INSERT INTO order_items (order_item_id,order_id,item_id,quantity,unit_price) VALUES (71,24,51,3,3000.0);
INSERT INTO order_items (order_item_id,order_id,item_id,quantity,unit_price) VALUES (72,25,64,2,1500.0);
INSERT INTO order_items (order_item_id,order_id,item_id,quantity,unit_price) VALUES (73,25,63,1,4000.0);
INSERT INTO order_items (order_item_id,order_id,item_id,quantity,unit_price) VALUES (74,25,65,1,800.0);
INSERT INTO order_items (order_item_id,order_id,item_id,quantity,unit_price) VALUES (75,26,52,2,4000.0);
INSERT INTO order_items (order_item_id,order_id,item_id,quantity,unit_price) VALUES (76,27,95,3,800.0);
INSERT INTO order_items (order_item_id,order_id,item_id,quantity,unit_price) VALUES (77,27,91,2,5000.0);
INSERT INTO order_items (order_item_id,order_id,item_id,quantity,unit_price) VALUES (78,27,92,1,5500.0);
INSERT INTO order_items (order_item_id,order_id,item_id,quantity,unit_price) VALUES (79,27,93,3,3000.0);
INSERT INTO order_items (order_item_id,order_id,item_id,quantity,unit_price) VALUES (80,28,4,1,500.0);
INSERT INTO order_items (order_item_id,order_id,item_id,quantity,unit_price) VALUES (81,28,2,1,4000.0);
INSERT INTO order_items (order_item_id,order_id,item_id,quantity,unit_price) VALUES (82,28,1,2,3500.0);
INSERT INTO order_items (order_item_id,order_id,item_id,quantity,unit_price) VALUES (83,29,89,3,3500.0);
INSERT INTO order_items (order_item_id,order_id,item_id,quantity,unit_price) VALUES (84,29,86,2,2500.0);
INSERT INTO order_items (order_item_id,order_id,item_id,quantity,unit_price) VALUES (85,30,66,1,3000.0);
INSERT INTO order_items (order_item_id,order_id,item_id,quantity,unit_price) VALUES (86,30,68,3,3000.0);
INSERT INTO order_items (order_item_id,order_id,item_id,quantity,unit_price) VALUES (87,30,67,3,3500.0);
INSERT INTO order_items (order_item_id,order_id,item_id,quantity,unit_price) VALUES (88,31,23,1,4500.0);
INSERT INTO order_items (order_item_id,order_id,item_id,quantity,unit_price) VALUES (89,31,22,1,3500.0);
INSERT INTO order_items (order_item_id,order_id,item_id,quantity,unit_price) VALUES (90,32,2,1,4000.0);
INSERT INTO order_items (order_item_id,order_id,item_id,quantity,unit_price) VALUES (91,32,4,2,500.0);
INSERT INTO order_items (order_item_id,order_id,item_id,quantity,unit_price) VALUES (92,33,44,1,2000.0);
INSERT INTO order_items (order_item_id,order_id,item_id,quantity,unit_price) VALUES (93,33,42,1,4500.0);
INSERT INTO order_items (order_item_id,order_id,item_id,quantity,unit_price) VALUES (94,33,43,2,3500.0);
INSERT INTO order_items (order_item_id,order_id,item_id,quantity,unit_price) VALUES (95,34,44,1,2000.0);
INSERT INTO order_items (order_item_id,order_id,item_id,quantity,unit_price) VALUES (96,34,45,2,500.0);
INSERT INTO order_items (order_item_id,order_id,item_id,quantity,unit_price) VALUES (97,34,42,3,4500.0);
INSERT INTO order_items (order_item_id,order_id,item_id,quantity,unit_price) VALUES (98,34,41,1,3000.0);
INSERT INTO order_items (order_item_id,order_id,item_id,quantity,unit_price) VALUES (99,35,4,1,500.0);
INSERT INTO order_items (order_item_id,order_id,item_id,quantity,unit_price) VALUES (100,35,3,2,800.0);
INSERT INTO order_items (order_item_id,order_id,item_id,quantity,unit_price) VALUES (101,35,1,3,3500.0);
INSERT INTO order_items (order_item_id,order_id,item_id,quantity,unit_price) VALUES (102,35,5,1,600.0);
INSERT INTO order_items (order_item_id,order_id,item_id,quantity,unit_price) VALUES (103,36,10,1,3000.0);
INSERT INTO order_items (order_item_id,order_id,item_id,quantity,unit_price) VALUES (104,37,37,3,2800.0);
INSERT INTO order_items (order_item_id,order_id,item_id,quantity,unit_price) VALUES (105,37,40,1,800.0);
INSERT INTO order_items (order_item_id,order_id,item_id,quantity,unit_price) VALUES (106,37,39,2,500.0);
INSERT INTO order_items (order_item_id,order_id,item_id,quantity,unit_price) VALUES (107,38,41,3,3000.0);
INSERT INTO order_items (order_item_id,order_id,item_id,quantity,unit_price) VALUES (108,38,43,3,3500.0);
INSERT INTO order_items (order_item_id,order_id,item_id,quantity,unit_price) VALUES (109,38,45,2,500.0);
INSERT INTO order_items (order_item_id,order_id,item_id,quantity,unit_price) VALUES (110,39,48,3,1000.0);
INSERT INTO order_items (order_item_id,order_id,item_id,quantity,unit_price) VALUES (111,39,46,3,3000.0);
INSERT INTO order_items (order_item_id,order_id,item_id,quantity,unit_price) VALUES (112,40,35,1,1000.0);
INSERT INTO order_items (order_item_id,order_id,item_id,quantity,unit_price) VALUES (113,40,32,3,4500.0);
INSERT INTO order_items (order_item_id,order_id,item_id,quantity,unit_price) VALUES (114,41,50,1,600.0);
INSERT INTO order_items (order_item_id,order_id,item_id,quantity,unit_price) VALUES (115,41,46,1,3000.0);
INSERT INTO order_items (order_item_id,order_id,item_id,quantity,unit_price) VALUES (116,41,49,3,3500.0);
INSERT INTO order_items (order_item_id,order_id,item_id,quantity,unit_price) VALUES (117,42,57,3,5000.0);
INSERT INTO order_items (order_item_id,order_id,item_id,quantity,unit_price) VALUES (118,42,59,1,1500.0);
INSERT INTO order_items (order_item_id,order_id,item_id,quantity,unit_price) VALUES (119,42,58,2,3500.0);
INSERT INTO order_items (order_item_id,order_id,item_id,quantity,unit_price) VALUES (120,43,53,3,2500.0);
INSERT INTO order_items (order_item_id,order_id,item_id,quantity,unit_price) VALUES (121,43,54,2,5500.0);
INSERT INTO order_items (order_item_id,order_id,item_id,quantity,unit_price) VALUES (122,43,51,2,3000.0);
INSERT INTO order_items (order_item_id,order_id,item_id,quantity,unit_price) VALUES (123,44,56,2,6000.0);
INSERT INTO order_items (order_item_id,order_id,item_id,quantity,unit_price) VALUES (124,44,60,2,500.0);
INSERT INTO order_items (order_item_id,order_id,item_id,quantity,unit_price) VALUES (125,44,59,2,1500.0);
INSERT INTO order_items (order_item_id,order_id,item_id,quantity,unit_price) VALUES (126,44,57,1,5000.0);
INSERT INTO order_items (order_item_id,order_id,item_id,quantity,unit_price) VALUES (127,45,85,3,500.0);
INSERT INTO order_items (order_item_id,order_id,item_id,quantity,unit_price) VALUES (128,45,82,2,4000.0);
INSERT INTO order_items (order_item_id,order_id,item_id,quantity,unit_price) VALUES (129,45,84,3,800.0);
INSERT INTO order_items (order_item_id,order_id,item_id,quantity,unit_price) VALUES (130,46,69,3,1500.0);
INSERT INTO order_items (order_item_id,order_id,item_id,quantity,unit_price) VALUES (131,46,67,3,3500.0);
INSERT INTO order_items (order_item_id,order_id,item_id,quantity,unit_price) VALUES (132,46,70,1,500.0);
INSERT INTO order_items (order_item_id,order_id,item_id,quantity,unit_price) VALUES (133,47,42,2,4500.0);
INSERT INTO order_items (order_item_id,order_id,item_id,quantity,unit_price) VALUES (134,47,44,2,2000.0);
INSERT INTO order_items (order_item_id,order_id,item_id,quantity,unit_price) VALUES (135,47,41,1,3000.0);
INSERT INTO order_items (order_item_id,order_id,item_id,quantity,unit_price) VALUES (136,48,61,2,3500.0);
INSERT INTO order_items (order_item_id,order_id,item_id,quantity,unit_price) VALUES (137,48,65,2,800.0);
INSERT INTO order_items (order_item_id,order_id,item_id,quantity,unit_price) VALUES (138,49,32,1,4500.0);
INSERT INTO order_items (order_item_id,order_id,item_id,quantity,unit_price) VALUES (139,49,35,1,1000.0);
INSERT INTO order_items (order_item_id,order_id,item_id,quantity,unit_price) VALUES (140,49,34,2,3500.0);
INSERT INTO order_items (order_item_id,order_id,item_id,quantity,unit_price) VALUES (141,49,33,3,4000.0);
INSERT INTO order_items (order_item_id,order_id,item_id,quantity,unit_price) VALUES (142,50,44,1,2000.0);
INSERT INTO order_items (order_item_id,order_id,item_id,quantity,unit_price) VALUES (143,50,43,2,3500.0);
INSERT INTO order_items (order_item_id,order_id,item_id,quantity,unit_price) VALUES (144,50,42,3,4500.0);
INSERT INTO order_items (order_item_id,order_id,item_id,quantity,unit_price) VALUES (145,50,41,2,3000.0);
INSERT INTO order_items (order_item_id,order_id,item_id,quantity,unit_price) VALUES (146,51,77,1,3000.0);
INSERT INTO order_items (order_item_id,order_id,item_id,quantity,unit_price) VALUES (147,51,78,1,2500.0);
INSERT INTO order_items (order_item_id,order_id,item_id,quantity,unit_price) VALUES (148,52,4,3,500.0);
INSERT INTO order_items (order_item_id,order_id,item_id,quantity,unit_price) VALUES (149,52,5,1,600.0);
INSERT INTO order_items (order_item_id,order_id,item_id,quantity,unit_price) VALUES (150,52,2,1,4000.0);
INSERT INTO order_items (order_item_id,order_id,item_id,quantity,unit_price) VALUES (151,53,92,2,5500.0);
INSERT INTO order_items (order_item_id,order_id,item_id,quantity,unit_price) VALUES (152,53,93,2,3000.0);
INSERT INTO order_items (order_item_id,order_id,item_id,quantity,unit_price) VALUES (153,53,94,1,2000.0);
INSERT INTO order_items (order_item_id,order_id,item_id,quantity,unit_price) VALUES (154,53,95,2,800.0);
INSERT INTO order_items (order_item_id,order_id,item_id,quantity,unit_price) VALUES (155,54,55,3,400.0);
INSERT INTO order_items (order_item_id,order_id,item_id,quantity,unit_price) VALUES (156,55,18,1,2500.0);
INSERT INTO order_items (order_item_id,order_id,item_id,quantity,unit_price) VALUES (157,55,20,2,4000.0);
INSERT INTO order_items (order_item_id,order_id,item_id,quantity,unit_price) VALUES (158,56,35,1,1000.0);
INSERT INTO order_items (order_item_id,order_id,item_id,quantity,unit_price) VALUES (159,56,33,1,4000.0);
INSERT INTO order_items (order_item_id,order_id,item_id,quantity,unit_price) VALUES (160,56,34,2,3500.0);
INSERT INTO order_items (order_item_id,order_id,item_id,quantity,unit_price) VALUES (161,56,31,2,5000.0);
INSERT INTO order_items (order_item_id,order_id,item_id,quantity,unit_price) VALUES (162,57,50,1,600.0);
INSERT INTO order_items (order_item_id,order_id,item_id,quantity,unit_price) VALUES (163,57,48,3,1000.0);
INSERT INTO order_items (order_item_id,order_id,item_id,quantity,unit_price) VALUES (164,57,46,3,3000.0);
INSERT INTO order_items (order_item_id,order_id,item_id,quantity,unit_price) VALUES (165,58,30,1,800.0);
INSERT INTO order_items (order_item_id,order_id,item_id,quantity,unit_price) VALUES (166,58,26,3,4500.0);
INSERT INTO order_items (order_item_id,order_id,item_id,quantity,unit_price) VALUES (167,58,29,2,4000.0);
INSERT INTO order_items (order_item_id,order_id,item_id,quantity,unit_price) VALUES (168,58,28,2,1500.0);
INSERT INTO order_items (order_item_id,order_id,item_id,quantity,unit_price) VALUES (169,59,7,1,2800.0);
INSERT INTO order_items (order_item_id,order_id,item_id,quantity,unit_price) VALUES (170,59,10,2,3000.0);
INSERT INTO order_items (order_item_id,order_id,item_id,quantity,unit_price) VALUES (171,59,9,3,700.0);
INSERT INTO order_items (order_item_id,order_id,item_id,quantity,unit_price) VALUES (172,59,8,3,1500.0);
INSERT INTO order_items (order_item_id,order_id,item_id,quantity,unit_price) VALUES (173,60,95,3,800.0);
INSERT INTO order_items (order_item_id,order_id,item_id,quantity,unit_price) VALUES (174,60,93,3,3000.0);
INSERT INTO order_items (order_item_id,order_id,item_id,quantity,unit_price) VALUES (175,60,94,2,2000.0);
INSERT INTO order_items (order_item_id,order_id,item_id,quantity,unit_price) VALUES (176,61,44,2,2000.0);
INSERT INTO order_items (order_item_id,order_id,item_id,quantity,unit_price) VALUES (177,61,41,3,3000.0);
INSERT INTO order_items (order_item_id,order_id,item_id,quantity,unit_price) VALUES (178,61,42,1,4500.0);
INSERT INTO order_items (order_item_id,order_id,item_id,quantity,unit_price) VALUES (179,62,15,3,3000.0);
INSERT INTO order_items (order_item_id,order_id,item_id,quantity,unit_price) VALUES (180,62,13,2,1200.0);
INSERT INTO order_items (order_item_id,order_id,item_id,quantity,unit_price) VALUES (181,62,14,2,1500.0);
INSERT INTO order_items (order_item_id,order_id,item_id,quantity,unit_price) VALUES (182,62,11,3,3200.0);
INSERT INTO order_items (order_item_id,order_id,item_id,quantity,unit_price) VALUES (183,63,46,1,3000.0);
INSERT INTO order_items (order_item_id,order_id,item_id,quantity,unit_price) VALUES (184,63,49,3,3500.0);
INSERT INTO order_items (order_item_id,order_id,item_id,quantity,unit_price) VALUES (185,64,37,1,2800.0);
INSERT INTO order_items (order_item_id,order_id,item_id,quantity,unit_price) VALUES (186,64,40,1,800.0);
INSERT INTO order_items (order_item_id,order_id,item_id,quantity,unit_price) VALUES (187,64,36,2,2500.0);
INSERT INTO order_items (order_item_id,order_id,item_id,quantity,unit_price) VALUES (188,64,38,2,4000.0);
INSERT INTO order_items (order_item_id,order_id,item_id,quantity,unit_price) VALUES (189,65,67,2,3500.0);
INSERT INTO order_items (order_item_id,order_id,item_id,quantity,unit_price) VALUES (190,65,69,3,1500.0);
INSERT INTO order_items (order_item_id,order_id,item_id,quantity,unit_price) VALUES (191,65,68,3,3000.0);
INSERT INTO order_items (order_item_id,order_id,item_id,quantity,unit_price) VALUES (192,65,66,2,3000.0);
INSERT INTO order_items (order_item_id,order_id,item_id,quantity,unit_price) VALUES (193,66,32,3,4500.0);
INSERT INTO order_items (order_item_id,order_id,item_id,quantity,unit_price) VALUES (194,67,15,3,3000.0);
INSERT INTO order_items (order_item_id,order_id,item_id,quantity,unit_price) VALUES (195,67,13,2,1200.0);
INSERT INTO order_items (order_item_id,order_id,item_id,quantity,unit_price) VALUES (196,68,8,3,1500.0);
INSERT INTO order_items (order_item_id,order_id,item_id,quantity,unit_price) VALUES (197,68,7,2,2800.0);
INSERT INTO order_items (order_item_id,order_id,item_id,quantity,unit_price) VALUES (198,68,9,3,700.0);
INSERT INTO order_items (order_item_id,order_id,item_id,quantity,unit_price) VALUES (199,68,10,3,3000.0);
INSERT INTO order_items (order_item_id,order_id,item_id,quantity,unit_price) VALUES (200,69,40,1,800.0);
INSERT INTO order_items (order_item_id,order_id,item_id,quantity,unit_price) VALUES (201,69,39,2,500.0);
INSERT INTO order_items (order_item_id,order_id,item_id,quantity,unit_price) VALUES (202,69,36,3,2500.0);
INSERT INTO order_items (order_item_id,order_id,item_id,quantity,unit_price) VALUES (203,70,17,3,6000.0);
INSERT INTO order_items (order_item_id,order_id,item_id,quantity,unit_price) VALUES (204,70,18,1,2500.0);
INSERT INTO order_items (order_item_id,order_id,item_id,quantity,unit_price) VALUES (205,70,20,3,4000.0);
INSERT INTO order_items (order_item_id,order_id,item_id,quantity,unit_price) VALUES (206,71,8,2,1500.0);
INSERT INTO order_items (order_item_id,order_id,item_id,quantity,unit_price) VALUES (207,71,9,1,700.0);
INSERT INTO order_items (order_item_id,order_id,item_id,quantity,unit_price) VALUES (208,71,7,3,2800.0);
INSERT INTO order_items (order_item_id,order_id,item_id,quantity,unit_price) VALUES (209,71,10,3,3000.0);
INSERT INTO order_items (order_item_id,order_id,item_id,quantity,unit_price) VALUES (210,72,19,1,1500.0);
INSERT INTO order_items (order_item_id,order_id,item_id,quantity,unit_price) VALUES (211,72,18,2,2500.0);
INSERT INTO order_items (order_item_id,order_id,item_id,quantity,unit_price) VALUES (212,72,16,3,5000.0);
INSERT INTO order_items (order_item_id,order_id,item_id,quantity,unit_price) VALUES (213,72,17,1,6000.0);
INSERT INTO order_items (order_item_id,order_id,item_id,quantity,unit_price) VALUES (214,73,89,2,3500.0);
INSERT INTO order_items (order_item_id,order_id,item_id,quantity,unit_price) VALUES (215,73,88,1,2800.0);
INSERT INTO order_items (order_item_id,order_id,item_id,quantity,unit_price) VALUES (216,73,90,1,2000.0);
INSERT INTO order_items (order_item_id,order_id,item_id,quantity,unit_price) VALUES (217,74,45,1,500.0);
INSERT INTO order_items (order_item_id,order_id,item_id,quantity,unit_price) VALUES (218,74,43,3,3500.0);
INSERT INTO order_items (order_item_id,order_id,item_id,quantity,unit_price) VALUES (219,74,41,3,3000.0);
INSERT INTO order_items (order_item_id,order_id,item_id,quantity,unit_price) VALUES (220,75,42,3,4500.0);
INSERT INTO order_items (order_item_id,order_id,item_id,quantity,unit_price) VALUES (221,75,41,3,3000.0);
INSERT INTO order_items (order_item_id,order_id,item_id,quantity,unit_price) VALUES (222,76,72,1,4000.0);
INSERT INTO order_items (order_item_id,order_id,item_id,quantity,unit_price) VALUES (223,76,71,2,3500.0);
INSERT INTO order_items (order_item_id,order_id,item_id,quantity,unit_price) VALUES (224,77,79,1,1000.0);
INSERT INTO order_items (order_item_id,order_id,item_id,quantity,unit_price) VALUES (225,77,76,1,3500.0);
INSERT INTO order_items (order_item_id,order_id,item_id,quantity,unit_price) VALUES (226,77,78,3,2500.0);
INSERT INTO order_items (order_item_id,order_id,item_id,quantity,unit_price) VALUES (227,78,69,2,1500.0);
INSERT INTO order_items (order_item_id,order_id,item_id,quantity,unit_price) VALUES (228,78,70,3,500.0);
INSERT INTO order_items (order_item_id,order_id,item_id,quantity,unit_price) VALUES (229,79,73,2,3800.0);
INSERT INTO order_items (order_item_id,order_id,item_id,quantity,unit_price) VALUES (230,79,75,3,500.0);
INSERT INTO order_items (order_item_id,order_id,item_id,quantity,unit_price) VALUES (231,80,1,3,3500.0);
INSERT INTO order_items (order_item_id,order_id,item_id,quantity,unit_price) VALUES (232,81,85,1,500.0);
INSERT INTO order_items (order_item_id,order_id,item_id,quantity,unit_price) VALUES (233,81,81,2,3500.0);
INSERT INTO order_items (order_item_id,order_id,item_id,quantity,unit_price) VALUES (234,82,41,2,3000.0);
INSERT INTO order_items (order_item_id,order_id,item_id,quantity,unit_price) VALUES (235,82,44,1,2000.0);
INSERT INTO order_items (order_item_id,order_id,item_id,quantity,unit_price) VALUES (236,83,1,3,3500.0);
INSERT INTO order_items (order_item_id,order_id,item_id,quantity,unit_price) VALUES (237,83,5,3,600.0);
INSERT INTO order_items (order_item_id,order_id,item_id,quantity,unit_price) VALUES (238,83,2,1,4000.0);
INSERT INTO order_items (order_item_id,order_id,item_id,quantity,unit_price) VALUES (239,84,88,3,2800.0);
INSERT INTO order_items (order_item_id,order_id,item_id,quantity,unit_price) VALUES (240,84,89,3,3500.0);
INSERT INTO order_items (order_item_id,order_id,item_id,quantity,unit_price) VALUES (241,84,90,2,2000.0);
INSERT INTO order_items (order_item_id,order_id,item_id,quantity,unit_price) VALUES (242,85,75,2,500.0);
INSERT INTO order_items (order_item_id,order_id,item_id,quantity,unit_price) VALUES (243,85,74,1,2500.0);
INSERT INTO order_items (order_item_id,order_id,item_id,quantity,unit_price) VALUES (244,86,83,1,3000.0);
INSERT INTO order_items (order_item_id,order_id,item_id,quantity,unit_price) VALUES (245,87,73,2,3800.0);
INSERT INTO order_items (order_item_id,order_id,item_id,quantity,unit_price) VALUES (246,87,72,3,4000.0);
INSERT INTO order_items (order_item_id,order_id,item_id,quantity,unit_price) VALUES (247,87,71,3,3500.0);
INSERT INTO order_items (order_item_id,order_id,item_id,quantity,unit_price) VALUES (248,87,74,1,2500.0);
INSERT INTO order_items (order_item_id,order_id,item_id,quantity,unit_price) VALUES (249,88,15,2,3000.0);
INSERT INTO order_items (order_item_id,order_id,item_id,quantity,unit_price) VALUES (250,88,14,3,1500.0);
INSERT INTO order_items (order_item_id,order_id,item_id,quantity,unit_price) VALUES (251,89,41,1,3000.0);
INSERT INTO order_items (order_item_id,order_id,item_id,quantity,unit_price) VALUES (252,89,44,1,2000.0);
INSERT INTO order_items (order_item_id,order_id,item_id,quantity,unit_price) VALUES (253,89,43,1,3500.0);
INSERT INTO order_items (order_item_id,order_id,item_id,quantity,unit_price) VALUES (254,90,78,2,2500.0);
INSERT INTO order_items (order_item_id,order_id,item_id,quantity,unit_price) VALUES (255,90,77,1,3000.0);
INSERT INTO order_items (order_item_id,order_id,item_id,quantity,unit_price) VALUES (256,90,76,2,3500.0);
INSERT INTO order_items (order_item_id,order_id,item_id,quantity,unit_price) VALUES (257,90,79,2,1000.0);
INSERT INTO order_items (order_item_id,order_id,item_id,quantity,unit_price) VALUES (258,91,88,3,2800.0);
INSERT INTO order_items (order_item_id,order_id,item_id,quantity,unit_price) VALUES (259,91,86,2,2500.0);
INSERT INTO order_items (order_item_id,order_id,item_id,quantity,unit_price) VALUES (260,91,87,3,3000.0);
INSERT INTO order_items (order_item_id,order_id,item_id,quantity,unit_price) VALUES (261,92,36,2,2500.0);
INSERT INTO order_items (order_item_id,order_id,item_id,quantity,unit_price) VALUES (262,92,40,2,800.0);
INSERT INTO order_items (order_item_id,order_id,item_id,quantity,unit_price) VALUES (263,93,79,3,1000.0);
INSERT INTO order_items (order_item_id,order_id,item_id,quantity,unit_price) VALUES (264,93,78,1,2500.0);
INSERT INTO order_items (order_item_id,order_id,item_id,quantity,unit_price) VALUES (265,94,8,1,1500.0);
INSERT INTO order_items (order_item_id,order_id,item_id,quantity,unit_price) VALUES (266,94,7,2,2800.0);
INSERT INTO order_items (order_item_id,order_id,item_id,quantity,unit_price) VALUES (267,94,6,1,2500.0);
INSERT INTO order_items (order_item_id,order_id,item_id,quantity,unit_price) VALUES (268,95,85,3,500.0);
INSERT INTO order_items (order_item_id,order_id,item_id,quantity,unit_price) VALUES (269,95,83,3,3000.0);
INSERT INTO order_items (order_item_id,order_id,item_id,quantity,unit_price) VALUES (270,95,82,1,4000.0);
INSERT INTO order_items (order_item_id,order_id,item_id,quantity,unit_price) VALUES (271,95,84,1,800.0);
INSERT INTO order_items (order_item_id,order_id,item_id,quantity,unit_price) VALUES (272,96,25,2,500.0);
INSERT INTO order_items (order_item_id,order_id,item_id,quantity,unit_price) VALUES (273,97,61,3,3500.0);
INSERT INTO order_items (order_item_id,order_id,item_id,quantity,unit_price) VALUES (274,97,65,3,800.0);
INSERT INTO order_items (order_item_id,order_id,item_id,quantity,unit_price) VALUES (275,97,64,1,1500.0);
INSERT INTO order_items (order_item_id,order_id,item_id,quantity,unit_price) VALUES (276,98,77,3,3000.0);
INSERT INTO order_items (order_item_id,order_id,item_id,quantity,unit_price) VALUES (277,98,78,2,2500.0);
INSERT INTO order_items (order_item_id,order_id,item_id,quantity,unit_price) VALUES (278,99,47,3,4500.0);
INSERT INTO order_items (order_item_id,order_id,item_id,quantity,unit_price) VALUES (279,100,16,1,5000.0);
INSERT INTO order_items (order_item_id,order_id,item_id,quantity,unit_price) VALUES (280,100,19,3,1500.0);
INSERT INTO order_items (order_item_id,order_id,item_id,quantity,unit_price) VALUES (281,100,20,2,4000.0);
INSERT INTO order_items (order_item_id,order_id,item_id,quantity,unit_price) VALUES (282,100,17,2,6000.0);
INSERT INTO order_items (order_item_id,order_id,item_id,quantity,unit_price) VALUES (283,101,10,2,3000.0);
INSERT INTO order_items (order_item_id,order_id,item_id,quantity,unit_price) VALUES (284,102,66,1,3000.0);
INSERT INTO order_items (order_item_id,order_id,item_id,quantity,unit_price) VALUES (285,102,69,3,1500.0);
INSERT INTO order_items (order_item_id,order_id,item_id,quantity,unit_price) VALUES (286,102,67,1,3500.0);
INSERT INTO order_items (order_item_id,order_id,item_id,quantity,unit_price) VALUES (287,103,61,2,3500.0);
INSERT INTO order_items (order_item_id,order_id,item_id,quantity,unit_price) VALUES (288,104,71,2,3500.0);
INSERT INTO order_items (order_item_id,order_id,item_id,quantity,unit_price) VALUES (289,104,75,1,500.0);
INSERT INTO order_items (order_item_id,order_id,item_id,quantity,unit_price) VALUES (290,104,74,2,2500.0);
INSERT INTO order_items (order_item_id,order_id,item_id,quantity,unit_price) VALUES (291,105,87,2,3000.0);
INSERT INTO order_items (order_item_id,order_id,item_id,quantity,unit_price) VALUES (292,105,90,2,2000.0);
INSERT INTO order_items (order_item_id,order_id,item_id,quantity,unit_price) VALUES (293,105,88,2,2800.0);
INSERT INTO order_items (order_item_id,order_id,item_id,quantity,unit_price) VALUES (294,105,89,2,3500.0);
INSERT INTO order_items (order_item_id,order_id,item_id,quantity,unit_price) VALUES (295,106,66,1,3000.0);
INSERT INTO order_items (order_item_id,order_id,item_id,quantity,unit_price) VALUES (296,106,67,1,3500.0);
INSERT INTO order_items (order_item_id,order_id,item_id,quantity,unit_price) VALUES (297,106,68,3,3000.0);
INSERT INTO order_items (order_item_id,order_id,item_id,quantity,unit_price) VALUES (298,106,69,2,1500.0);
INSERT INTO order_items (order_item_id,order_id,item_id,quantity,unit_price) VALUES (299,107,77,1,3000.0);
INSERT INTO order_items (order_item_id,order_id,item_id,quantity,unit_price) VALUES (300,107,76,2,3500.0);
INSERT INTO order_items (order_item_id,order_id,item_id,quantity,unit_price) VALUES (301,108,50,1,600.0);
INSERT INTO order_items (order_item_id,order_id,item_id,quantity,unit_price) VALUES (302,108,49,1,3500.0);
INSERT INTO order_items (order_item_id,order_id,item_id,quantity,unit_price) VALUES (303,108,48,2,1000.0);
INSERT INTO order_items (order_item_id,order_id,item_id,quantity,unit_price) VALUES (304,108,47,2,4500.0);
INSERT INTO order_items (order_item_id,order_id,item_id,quantity,unit_price) VALUES (305,109,93,3,3000.0);
INSERT INTO order_items (order_item_id,order_id,item_id,quantity,unit_price) VALUES (306,109,92,1,5500.0);
INSERT INTO order_items (order_item_id,order_id,item_id,quantity,unit_price) VALUES (307,110,49,3,3500.0);
INSERT INTO order_items (order_item_id,order_id,item_id,quantity,unit_price) VALUES (308,111,32,1,4500.0);
INSERT INTO order_items (order_item_id,order_id,item_id,quantity,unit_price) VALUES (309,112,6,3,2500.0);
INSERT INTO order_items (order_item_id,order_id,item_id,quantity,unit_price) VALUES (310,113,14,3,1500.0);
INSERT INTO order_items (order_item_id,order_id,item_id,quantity,unit_price) VALUES (311,114,22,3,3500.0);
INSERT INTO order_items (order_item_id,order_id,item_id,quantity,unit_price) VALUES (312,115,29,2,4000.0);
INSERT INTO order_items (order_item_id,order_id,item_id,quantity,unit_price) VALUES (313,116,75,1,500.0);
INSERT INTO order_items (order_item_id,order_id,item_id,quantity,unit_price) VALUES (314,116,72,1,4000.0);
INSERT INTO order_items (order_item_id,order_id,item_id,quantity,unit_price) VALUES (315,117,57,3,5000.0);
INSERT INTO order_items (order_item_id,order_id,item_id,quantity,unit_price) VALUES (316,117,58,3,3500.0);
INSERT INTO order_items (order_item_id,order_id,item_id,quantity,unit_price) VALUES (317,117,59,2,1500.0);
INSERT INTO order_items (order_item_id,order_id,item_id,quantity,unit_price) VALUES (318,118,73,3,3800.0);
INSERT INTO order_items (order_item_id,order_id,item_id,quantity,unit_price) VALUES (319,118,72,3,4000.0);
INSERT INTO order_items (order_item_id,order_id,item_id,quantity,unit_price) VALUES (320,119,59,2,1500.0);
INSERT INTO order_items (order_item_id,order_id,item_id,quantity,unit_price) VALUES (321,119,58,1,3500.0);
INSERT INTO order_items (order_item_id,order_id,item_id,quantity,unit_price) VALUES (322,120,54,1,5500.0);
INSERT INTO order_items (order_item_id,order_id,item_id,quantity,unit_price) VALUES (323,120,55,2,400.0);
INSERT INTO order_items (order_item_id,order_id,item_id,quantity,unit_price) VALUES (324,121,50,2,600.0);
INSERT INTO order_items (order_item_id,order_id,item_id,quantity,unit_price) VALUES (325,121,48,1,1000.0);
INSERT INTO order_items (order_item_id,order_id,item_id,quantity,unit_price) VALUES (326,121,49,2,3500.0);
INSERT INTO order_items (order_item_id,order_id,item_id,quantity,unit_price) VALUES (327,121,47,2,4500.0);
INSERT INTO order_items (order_item_id,order_id,item_id,quantity,unit_price) VALUES (328,122,80,1,700.0);
INSERT INTO order_items (order_item_id,order_id,item_id,quantity,unit_price) VALUES (329,122,79,1,1000.0);
INSERT INTO order_items (order_item_id,order_id,item_id,quantity,unit_price) VALUES (330,123,57,3,5000.0);
INSERT INTO order_items (order_item_id,order_id,item_id,quantity,unit_price) VALUES (331,123,59,2,1500.0);
INSERT INTO order_items (order_item_id,order_id,item_id,quantity,unit_price) VALUES (332,123,56,2,6000.0);
INSERT INTO order_items (order_item_id,order_id,item_id,quantity,unit_price) VALUES (333,124,24,2,4000.0);
INSERT INTO order_items (order_item_id,order_id,item_id,quantity,unit_price) VALUES (334,124,22,1,3500.0);
INSERT INTO order_items (order_item_id,order_id,item_id,quantity,unit_price) VALUES (335,125,41,1,3000.0);
INSERT INTO order_items (order_item_id,order_id,item_id,quantity,unit_price) VALUES (336,125,44,3,2000.0);
INSERT INTO order_items (order_item_id,order_id,item_id,quantity,unit_price) VALUES (337,125,42,3,4500.0);
INSERT INTO order_items (order_item_id,order_id,item_id,quantity,unit_price) VALUES (338,126,36,2,2500.0);
INSERT INTO order_items (order_item_id,order_id,item_id,quantity,unit_price) VALUES (339,126,38,3,4000.0);
INSERT INTO order_items (order_item_id,order_id,item_id,quantity,unit_price) VALUES (340,127,56,1,6000.0);
INSERT INTO order_items (order_item_id,order_id,item_id,quantity,unit_price) VALUES (341,128,34,2,3500.0);
INSERT INTO order_items (order_item_id,order_id,item_id,quantity,unit_price) VALUES (342,128,32,2,4500.0);
INSERT INTO order_items (order_item_id,order_id,item_id,quantity,unit_price) VALUES (343,129,22,1,3500.0);
INSERT INTO order_items (order_item_id,order_id,item_id,quantity,unit_price) VALUES (344,130,34,1,3500.0);
INSERT INTO order_items (order_item_id,order_id,item_id,quantity,unit_price) VALUES (345,131,44,3,2000.0);
INSERT INTO order_items (order_item_id,order_id,item_id,quantity,unit_price) VALUES (346,131,42,2,4500.0);
INSERT INTO order_items (order_item_id,order_id,item_id,quantity,unit_price) VALUES (347,132,19,3,1500.0);
INSERT INTO order_items (order_item_id,order_id,item_id,quantity,unit_price) VALUES (348,132,20,2,4000.0);
INSERT INTO order_items (order_item_id,order_id,item_id,quantity,unit_price) VALUES (349,132,18,2,2500.0);
INSERT INTO order_items (order_item_id,order_id,item_id,quantity,unit_price) VALUES (350,133,93,1,3000.0);
INSERT INTO order_items (order_item_id,order_id,item_id,quantity,unit_price) VALUES (351,133,94,3,2000.0);
INSERT INTO order_items (order_item_id,order_id,item_id,quantity,unit_price) VALUES (352,133,92,2,5500.0);
INSERT INTO order_items (order_item_id,order_id,item_id,quantity,unit_price) VALUES (353,134,82,2,4000.0);
INSERT INTO order_items (order_item_id,order_id,item_id,quantity,unit_price) VALUES (354,134,83,1,3000.0);
INSERT INTO order_items (order_item_id,order_id,item_id,quantity,unit_price) VALUES (355,134,85,3,500.0);
INSERT INTO order_items (order_item_id,order_id,item_id,quantity,unit_price) VALUES (356,135,92,2,5500.0);
INSERT INTO order_items (order_item_id,order_id,item_id,quantity,unit_price) VALUES (357,135,91,3,5000.0);
INSERT INTO order_items (order_item_id,order_id,item_id,quantity,unit_price) VALUES (358,136,83,1,3000.0);
INSERT INTO order_items (order_item_id,order_id,item_id,quantity,unit_price) VALUES (359,136,82,2,4000.0);
INSERT INTO order_items (order_item_id,order_id,item_id,quantity,unit_price) VALUES (360,136,81,3,3500.0);
INSERT INTO order_items (order_item_id,order_id,item_id,quantity,unit_price) VALUES (361,136,84,1,800.0);
INSERT INTO order_items (order_item_id,order_id,item_id,quantity,unit_price) VALUES (362,137,70,3,500.0);
INSERT INTO order_items (order_item_id,order_id,item_id,quantity,unit_price) VALUES (363,137,68,3,3000.0);
INSERT INTO order_items (order_item_id,order_id,item_id,quantity,unit_price) VALUES (364,137,67,3,3500.0);
INSERT INTO order_items (order_item_id,order_id,item_id,quantity,unit_price) VALUES (365,137,69,2,1500.0);
INSERT INTO order_items (order_item_id,order_id,item_id,quantity,unit_price) VALUES (366,138,52,3,4000.0);
INSERT INTO order_items (order_item_id,order_id,item_id,quantity,unit_price) VALUES (367,138,53,3,2500.0);
INSERT INTO order_items (order_item_id,order_id,item_id,quantity,unit_price) VALUES (368,138,51,2,3000.0);
INSERT INTO order_items (order_item_id,order_id,item_id,quantity,unit_price) VALUES (369,138,54,1,5500.0);
INSERT INTO order_items (order_item_id,order_id,item_id,quantity,unit_price) VALUES (370,139,95,1,800.0);
INSERT INTO order_items (order_item_id,order_id,item_id,quantity,unit_price) VALUES (371,140,71,1,3500.0);
INSERT INTO order_items (order_item_id,order_id,item_id,quantity,unit_price) VALUES (372,141,67,1,3500.0);
INSERT INTO order_items (order_item_id,order_id,item_id,quantity,unit_price) VALUES (373,141,70,1,500.0);
INSERT INTO order_items (order_item_id,order_id,item_id,quantity,unit_price) VALUES (374,141,66,3,3000.0);
INSERT INTO order_items (order_item_id,order_id,item_id,quantity,unit_price) VALUES (375,141,68,2,3000.0);
INSERT INTO order_items (order_item_id,order_id,item_id,quantity,unit_price) VALUES (376,142,66,2,3000.0);
INSERT INTO order_items (order_item_id,order_id,item_id,quantity,unit_price) VALUES (377,142,69,1,1500.0);
INSERT INTO order_items (order_item_id,order_id,item_id,quantity,unit_price) VALUES (378,142,68,1,3000.0);
INSERT INTO order_items (order_item_id,order_id,item_id,quantity,unit_price) VALUES (379,143,21,3,3000.0);
INSERT INTO order_items (order_item_id,order_id,item_id,quantity,unit_price) VALUES (380,143,25,2,500.0);
INSERT INTO order_items (order_item_id,order_id,item_id,quantity,unit_price) VALUES (381,143,23,1,4500.0);
INSERT INTO order_items (order_item_id,order_id,item_id,quantity,unit_price) VALUES (382,143,22,3,3500.0);
INSERT INTO order_items (order_item_id,order_id,item_id,quantity,unit_price) VALUES (383,144,67,1,3500.0);
INSERT INTO order_items (order_item_id,order_id,item_id,quantity,unit_price) VALUES (384,144,66,1,3000.0);
INSERT INTO order_items (order_item_id,order_id,item_id,quantity,unit_price) VALUES (385,144,69,3,1500.0);
INSERT INTO order_items (order_item_id,order_id,item_id,quantity,unit_price) VALUES (386,144,68,3,3000.0);
INSERT INTO order_items (order_item_id,order_id,item_id,quantity,unit_price) VALUES (387,145,93,1,3000.0);
INSERT INTO order_items (order_item_id,order_id,item_id,quantity,unit_price) VALUES (388,145,95,2,800.0);
INSERT INTO order_items (order_item_id,order_id,item_id,quantity,unit_price) VALUES (389,145,92,2,5500.0);
INSERT INTO order_items (order_item_id,order_id,item_id,quantity,unit_price) VALUES (390,146,70,2,500.0);
INSERT INTO order_items (order_item_id,order_id,item_id,quantity,unit_price) VALUES (391,146,67,3,3500.0);
INSERT INTO order_items (order_item_id,order_id,item_id,quantity,unit_price) VALUES (392,146,68,1,3000.0);
INSERT INTO order_items (order_item_id,order_id,item_id,quantity,unit_price) VALUES (393,146,66,3,3000.0);
INSERT INTO order_items (order_item_id,order_id,item_id,quantity,unit_price) VALUES (394,147,56,2,6000.0);
INSERT INTO order_items (order_item_id,order_id,item_id,quantity,unit_price) VALUES (395,148,19,3,1500.0);
INSERT INTO order_items (order_item_id,order_id,item_id,quantity,unit_price) VALUES (396,148,20,1,4000.0);
INSERT INTO order_items (order_item_id,order_id,item_id,quantity,unit_price) VALUES (397,148,16,1,5000.0);
INSERT INTO order_items (order_item_id,order_id,item_id,quantity,unit_price) VALUES (398,148,18,2,2500.0);
INSERT INTO order_items (order_item_id,order_id,item_id,quantity,unit_price) VALUES (399,149,38,1,4000.0);
INSERT INTO order_items (order_item_id,order_id,item_id,quantity,unit_price) VALUES (400,149,36,1,2500.0);
INSERT INTO order_items (order_item_id,order_id,item_id,quantity,unit_price) VALUES (401,149,40,3,800.0);
INSERT INTO order_items (order_item_id,order_id,item_id,quantity,unit_price) VALUES (402,149,39,3,500.0);
INSERT INTO order_items (order_item_id,order_id,item_id,quantity,unit_price) VALUES (403,150,88,3,2800.0);
INSERT INTO order_items (order_item_id,order_id,item_id,quantity,unit_price) VALUES (404,150,86,3,2500.0);
INSERT INTO order_items (order_item_id,order_id,item_id,quantity,unit_price) VALUES (405,150,89,3,3500.0);
INSERT INTO order_items (order_item_id,order_id,item_id,quantity,unit_price) VALUES (406,150,87,1,3000.0);
INSERT INTO order_items (order_item_id,order_id,item_id,quantity,unit_price) VALUES (407,151,43,1,3500.0);
INSERT INTO order_items (order_item_id,order_id,item_id,quantity,unit_price) VALUES (408,151,41,3,3000.0);
INSERT INTO order_items (order_item_id,order_id,item_id,quantity,unit_price) VALUES (409,152,24,2,4000.0);
INSERT INTO order_items (order_item_id,order_id,item_id,quantity,unit_price) VALUES (410,152,21,1,3000.0);
INSERT INTO order_items (order_item_id,order_id,item_id,quantity,unit_price) VALUES (411,153,85,3,500.0);
INSERT INTO order_items (order_item_id,order_id,item_id,quantity,unit_price) VALUES (412,153,84,3,800.0);
INSERT INTO order_items (order_item_id,order_id,item_id,quantity,unit_price) VALUES (413,154,49,3,3500.0);
INSERT INTO order_items (order_item_id,order_id,item_id,quantity,unit_price) VALUES (414,154,47,1,4500.0);
INSERT INTO order_items (order_item_id,order_id,item_id,quantity,unit_price) VALUES (415,154,48,3,1000.0);
INSERT INTO order_items (order_item_id,order_id,item_id,quantity,unit_price) VALUES (416,155,21,1,3000.0);
INSERT INTO order_items (order_item_id,order_id,item_id,quantity,unit_price) VALUES (417,155,25,1,500.0);
INSERT INTO order_items (order_item_id,order_id,item_id,quantity,unit_price) VALUES (418,155,22,2,3500.0);
INSERT INTO order_items (order_item_id,order_id,item_id,quantity,unit_price) VALUES (419,156,68,2,3000.0);
INSERT INTO order_items (order_item_id,order_id,item_id,quantity,unit_price) VALUES (420,156,66,2,3000.0);
INSERT INTO order_items (order_item_id,order_id,item_id,quantity,unit_price) VALUES (421,156,70,1,500.0);
INSERT INTO order_items (order_item_id,order_id,item_id,quantity,unit_price) VALUES (422,156,67,2,3500.0);
INSERT INTO order_items (order_item_id,order_id,item_id,quantity,unit_price) VALUES (423,157,19,1,1500.0);
INSERT INTO order_items (order_item_id,order_id,item_id,quantity,unit_price) VALUES (424,157,17,3,6000.0);
INSERT INTO order_items (order_item_id,order_id,item_id,quantity,unit_price) VALUES (425,157,18,2,2500.0);
INSERT INTO order_items (order_item_id,order_id,item_id,quantity,unit_price) VALUES (426,157,20,1,4000.0);
INSERT INTO order_items (order_item_id,order_id,item_id,quantity,unit_price) VALUES (427,158,46,2,3000.0);
INSERT INTO order_items (order_item_id,order_id,item_id,quantity,unit_price) VALUES (428,159,34,3,3500.0);
INSERT INTO order_items (order_item_id,order_id,item_id,quantity,unit_price) VALUES (429,159,32,2,4500.0);
INSERT INTO order_items (order_item_id,order_id,item_id,quantity,unit_price) VALUES (430,160,53,1,2500.0);
INSERT INTO order_items (order_item_id,order_id,item_id,quantity,unit_price) VALUES (431,160,51,2,3000.0);
INSERT INTO order_items (order_item_id,order_id,item_id,quantity,unit_price) VALUES (432,160,54,2,5500.0);
INSERT INTO order_items (order_item_id,order_id,item_id,quantity,unit_price) VALUES (433,161,63,1,4000.0);
INSERT INTO order_items (order_item_id,order_id,item_id,quantity,unit_price) VALUES (434,161,61,1,3500.0);
INSERT INTO order_items (order_item_id,order_id,item_id,quantity,unit_price) VALUES (435,161,64,2,1500.0);
INSERT INTO order_items (order_item_id,order_id,item_id,quantity,unit_price) VALUES (436,162,65,1,800.0);
INSERT INTO order_items (order_item_id,order_id,item_id,quantity,unit_price) VALUES (437,162,64,2,1500.0);
INSERT INTO order_items (order_item_id,order_id,item_id,quantity,unit_price) VALUES (438,162,61,3,3500.0);
INSERT INTO order_items (order_item_id,order_id,item_id,quantity,unit_price) VALUES (439,162,63,1,4000.0);
INSERT INTO order_items (order_item_id,order_id,item_id,quantity,unit_price) VALUES (440,163,54,2,5500.0);
INSERT INTO order_items (order_item_id,order_id,item_id,quantity,unit_price) VALUES (441,163,51,2,3000.0);
INSERT INTO order_items (order_item_id,order_id,item_id,quantity,unit_price) VALUES (442,163,52,1,4000.0);
INSERT INTO order_items (order_item_id,order_id,item_id,quantity,unit_price) VALUES (443,164,65,3,800.0);
INSERT INTO order_items (order_item_id,order_id,item_id,quantity,unit_price) VALUES (444,164,62,2,2500.0);
INSERT INTO order_items (order_item_id,order_id,item_id,quantity,unit_price) VALUES (445,165,57,2,5000.0);
INSERT INTO order_items (order_item_id,order_id,item_id,quantity,unit_price) VALUES (446,165,58,2,3500.0);
INSERT INTO order_items (order_item_id,order_id,item_id,quantity,unit_price) VALUES (447,166,62,2,2500.0);
INSERT INTO order_items (order_item_id,order_id,item_id,quantity,unit_price) VALUES (448,166,61,2,3500.0);
INSERT INTO order_items (order_item_id,order_id,item_id,quantity,unit_price) VALUES (449,166,64,2,1500.0);
INSERT INTO order_items (order_item_id,order_id,item_id,quantity,unit_price) VALUES (450,166,65,2,800.0);
INSERT INTO order_items (order_item_id,order_id,item_id,quantity,unit_price) VALUES (451,167,53,2,2500.0);
INSERT INTO order_items (order_item_id,order_id,item_id,quantity,unit_price) VALUES (452,168,34,2,3500.0);
INSERT INTO order_items (order_item_id,order_id,item_id,quantity,unit_price) VALUES (453,168,32,1,4500.0);
INSERT INTO order_items (order_item_id,order_id,item_id,quantity,unit_price) VALUES (454,169,23,2,4500.0);
INSERT INTO order_items (order_item_id,order_id,item_id,quantity,unit_price) VALUES (455,169,21,2,3000.0);
INSERT INTO order_items (order_item_id,order_id,item_id,quantity,unit_price) VALUES (456,170,78,3,2500.0);
INSERT INTO order_items (order_item_id,order_id,item_id,quantity,unit_price) VALUES (457,170,79,3,1000.0);
INSERT INTO order_items (order_item_id,order_id,item_id,quantity,unit_price) VALUES (458,170,77,1,3000.0);
INSERT INTO order_items (order_item_id,order_id,item_id,quantity,unit_price) VALUES (459,170,80,2,700.0);
INSERT INTO order_items (order_item_id,order_id,item_id,quantity,unit_price) VALUES (460,171,95,2,800.0);
INSERT INTO order_items (order_item_id,order_id,item_id,quantity,unit_price) VALUES (461,171,92,1,5500.0);
INSERT INTO order_items (order_item_id,order_id,item_id,quantity,unit_price) VALUES (462,171,94,2,2000.0);
INSERT INTO order_items (order_item_id,order_id,item_id,quantity,unit_price) VALUES (463,172,13,1,1200.0);
INSERT INTO order_items (order_item_id,order_id,item_id,quantity,unit_price) VALUES (464,172,14,2,1500.0);
INSERT INTO order_items (order_item_id,order_id,item_id,quantity,unit_price) VALUES (465,172,15,2,3000.0);
INSERT INTO order_items (order_item_id,order_id,item_id,quantity,unit_price) VALUES (466,173,59,3,1500.0);
INSERT INTO order_items (order_item_id,order_id,item_id,quantity,unit_price) VALUES (467,173,58,1,3500.0);
INSERT INTO order_items (order_item_id,order_id,item_id,quantity,unit_price) VALUES (468,173,56,3,6000.0);
INSERT INTO order_items (order_item_id,order_id,item_id,quantity,unit_price) VALUES (469,174,60,3,500.0);
INSERT INTO order_items (order_item_id,order_id,item_id,quantity,unit_price) VALUES (470,174,56,2,6000.0);
INSERT INTO order_items (order_item_id,order_id,item_id,quantity,unit_price) VALUES (471,175,84,3,800.0);
INSERT INTO order_items (order_item_id,order_id,item_id,quantity,unit_price) VALUES (472,175,83,1,3000.0);
INSERT INTO order_items (order_item_id,order_id,item_id,quantity,unit_price) VALUES (473,176,34,1,3500.0);
INSERT INTO order_items (order_item_id,order_id,item_id,quantity,unit_price) VALUES (474,176,32,2,4500.0);
INSERT INTO order_items (order_item_id,order_id,item_id,quantity,unit_price) VALUES (475,176,33,3,4000.0);
INSERT INTO order_items (order_item_id,order_id,item_id,quantity,unit_price) VALUES (476,176,35,1,1000.0);
INSERT INTO order_items (order_item_id,order_id,item_id,quantity,unit_price) VALUES (477,177,19,3,1500.0);
INSERT INTO order_items (order_item_id,order_id,item_id,quantity,unit_price) VALUES (478,177,16,2,5000.0);
INSERT INTO order_items (order_item_id,order_id,item_id,quantity,unit_price) VALUES (479,177,17,3,6000.0);
INSERT INTO order_items (order_item_id,order_id,item_id,quantity,unit_price) VALUES (480,177,18,3,2500.0);
INSERT INTO order_items (order_item_id,order_id,item_id,quantity,unit_price) VALUES (481,178,30,1,800.0);
INSERT INTO order_items (order_item_id,order_id,item_id,quantity,unit_price) VALUES (482,178,26,1,4500.0);
INSERT INTO order_items (order_item_id,order_id,item_id,quantity,unit_price) VALUES (483,178,27,3,3800.0);
INSERT INTO order_items (order_item_id,order_id,item_id,quantity,unit_price) VALUES (484,178,29,3,4000.0);
INSERT INTO order_items (order_item_id,order_id,item_id,quantity,unit_price) VALUES (485,179,82,3,4000.0);
INSERT INTO order_items (order_item_id,order_id,item_id,quantity,unit_price) VALUES (486,179,81,3,3500.0);
INSERT INTO order_items (order_item_id,order_id,item_id,quantity,unit_price) VALUES (487,179,83,3,3000.0);
INSERT INTO order_items (order_item_id,order_id,item_id,quantity,unit_price) VALUES (488,180,53,1,2500.0);
INSERT INTO order_items (order_item_id,order_id,item_id,quantity,unit_price) VALUES (489,180,54,2,5500.0);
INSERT INTO order_items (order_item_id,order_id,item_id,quantity,unit_price) VALUES (490,180,51,1,3000.0);
INSERT INTO order_items (order_item_id,order_id,item_id,quantity,unit_price) VALUES (491,180,55,3,400.0);
INSERT INTO order_items (order_item_id,order_id,item_id,quantity,unit_price) VALUES (492,181,19,2,1500.0);
INSERT INTO order_items (order_item_id,order_id,item_id,quantity,unit_price) VALUES (493,181,18,2,2500.0);
INSERT INTO order_items (order_item_id,order_id,item_id,quantity,unit_price) VALUES (494,182,53,2,2500.0);
INSERT INTO order_items (order_item_id,order_id,item_id,quantity,unit_price) VALUES (495,182,51,1,3000.0);
INSERT INTO order_items (order_item_id,order_id,item_id,quantity,unit_price) VALUES (496,183,64,3,1500.0);
INSERT INTO order_items (order_item_id,order_id,item_id,quantity,unit_price) VALUES (497,183,61,1,3500.0);
INSERT INTO order_items (order_item_id,order_id,item_id,quantity,unit_price) VALUES (498,183,65,2,800.0);
INSERT INTO order_items (order_item_id,order_id,item_id,quantity,unit_price) VALUES (499,184,53,3,2500.0);
INSERT INTO order_items (order_item_id,order_id,item_id,quantity,unit_price) VALUES (500,184,54,2,5500.0);
INSERT INTO order_items (order_item_id,order_id,item_id,quantity,unit_price) VALUES (501,184,51,2,3000.0);
INSERT INTO order_items (order_item_id,order_id,item_id,quantity,unit_price) VALUES (502,185,66,2,3000.0);
INSERT INTO order_items (order_item_id,order_id,item_id,quantity,unit_price) VALUES (503,185,69,1,1500.0);
INSERT INTO order_items (order_item_id,order_id,item_id,quantity,unit_price) VALUES (504,185,68,2,3000.0);
INSERT INTO order_items (order_item_id,order_id,item_id,quantity,unit_price) VALUES (505,185,67,1,3500.0);
INSERT INTO order_items (order_item_id,order_id,item_id,quantity,unit_price) VALUES (506,186,51,2,3000.0);
INSERT INTO order_items (order_item_id,order_id,item_id,quantity,unit_price) VALUES (507,187,12,3,2800.0);
INSERT INTO order_items (order_item_id,order_id,item_id,quantity,unit_price) VALUES (508,188,10,3,3000.0);
INSERT INTO order_items (order_item_id,order_id,item_id,quantity,unit_price) VALUES (509,188,7,1,2800.0);
INSERT INTO order_items (order_item_id,order_id,item_id,quantity,unit_price) VALUES (510,189,65,1,800.0);
INSERT INTO order_items (order_item_id,order_id,item_id,quantity,unit_price) VALUES (511,189,64,2,1500.0);
INSERT INTO order_items (order_item_id,order_id,item_id,quantity,unit_price) VALUES (512,189,62,3,2500.0);
INSERT INTO order_items (order_item_id,order_id,item_id,quantity,unit_price) VALUES (513,190,7,2,2800.0);
INSERT INTO order_items (order_item_id,order_id,item_id,quantity,unit_price) VALUES (514,190,9,1,700.0);
INSERT INTO order_items (order_item_id,order_id,item_id,quantity,unit_price) VALUES (515,191,49,2,3500.0);
INSERT INTO order_items (order_item_id,order_id,item_id,quantity,unit_price) VALUES (516,191,50,1,600.0);
INSERT INTO order_items (order_item_id,order_id,item_id,quantity,unit_price) VALUES (517,192,47,3,4500.0);
INSERT INTO order_items (order_item_id,order_id,item_id,quantity,unit_price) VALUES (518,192,48,1,1000.0);
INSERT INTO order_items (order_item_id,order_id,item_id,quantity,unit_price) VALUES (519,193,95,1,800.0);
INSERT INTO order_items (order_item_id,order_id,item_id,quantity,unit_price) VALUES (520,194,83,1,3000.0);
INSERT INTO order_items (order_item_id,order_id,item_id,quantity,unit_price) VALUES (521,194,82,2,4000.0);
INSERT INTO order_items (order_item_id,order_id,item_id,quantity,unit_price) VALUES (522,194,84,3,800.0);
INSERT INTO order_items (order_item_id,order_id,item_id,quantity,unit_price) VALUES (523,195,45,3,500.0);
INSERT INTO order_items (order_item_id,order_id,item_id,quantity,unit_price) VALUES (524,195,43,2,3500.0);
INSERT INTO order_items (order_item_id,order_id,item_id,quantity,unit_price) VALUES (525,195,44,3,2000.0);
INSERT INTO order_items (order_item_id,order_id,item_id,quantity,unit_price) VALUES (526,195,42,1,4500.0);
INSERT INTO order_items (order_item_id,order_id,item_id,quantity,unit_price) VALUES (527,196,83,1,3000.0);
INSERT INTO order_items (order_item_id,order_id,item_id,quantity,unit_price) VALUES (528,196,84,3,800.0);
INSERT INTO order_items (order_item_id,order_id,item_id,quantity,unit_price) VALUES (529,196,85,3,500.0);
INSERT INTO order_items (order_item_id,order_id,item_id,quantity,unit_price) VALUES (530,197,85,1,500.0);
INSERT INTO order_items (order_item_id,order_id,item_id,quantity,unit_price) VALUES (531,197,81,2,3500.0);
INSERT INTO order_items (order_item_id,order_id,item_id,quantity,unit_price) VALUES (532,197,83,1,3000.0);
INSERT INTO order_items (order_item_id,order_id,item_id,quantity,unit_price) VALUES (533,198,3,1,800.0);
INSERT INTO order_items (order_item_id,order_id,item_id,quantity,unit_price) VALUES (534,198,1,2,3500.0);
INSERT INTO order_items (order_item_id,order_id,item_id,quantity,unit_price) VALUES (535,199,15,2,3000.0);
INSERT INTO order_items (order_item_id,order_id,item_id,quantity,unit_price) VALUES (536,199,14,3,1500.0);
INSERT INTO order_items (order_item_id,order_id,item_id,quantity,unit_price) VALUES (537,200,25,2,500.0);
INSERT INTO order_items (order_item_id,order_id,item_id,quantity,unit_price) VALUES (538,200,24,1,4000.0);
COMMIT;
